lastSpellID,secondLastSpellID,thirdLastSpellID,timeSinceLastCast,nameplateCount,secondaryResource,secondaryResourceMax,blizzardRecommendation,combatDuration,specID,target_spellID
257541,108853,44457,1.41,6,0,5,153561,209.0,63,257541
108853,2120,257541,1.79,3,0,5,257541,8.9,63,257541
190319,2120,257541,2.6,4,5,5,2120,70.8,63,2120
108853,2948,11366,0.7,4,2,5,2120,209.6,63,2120
108853,257541,382440,1.91,1,0,5,133,82.9,63,133
2120,190319,382440,2.03,3,1,5,108853,101.6,63,257541
257541,133,108853,1.85,2,5,5,153561,186.3,63,153561
257541,153561,190319,0.91,8,3,5,2120,36.6,63,2120
11366,2948,2948,2.21,1,5,5,11366,75.8,63,11366
257541,2948,133,2.02,3,4,5,382440,227.8,63,11366
257541,382440,2120,1.19,4,0,5,257541,247.6,63,2120
133,2120,11366,1.84,3,2,5,11366,178.4,63,2948
190319,382440,153561,3.0,7,1,5,11366,83.7,63,11366
190319,133,153561,1.68,3,0,5,2948,33.2,63,2948
2120,108853,2948,0.79,5,1,5,11366,186.6,63,11366
108853,190319,2120,0.64,1,0,5,153561,215.3,63,153561
133,11366,133,0.94,1,5,5,2948,15.8,63,2948
133,11366,2948,1.77,5,1,5,11366,289.8,63,2120
382440,190319,2948,0.64,1,1,5,153561,270.3,63,257541
2948,190319,153561,0.88,8,1,5,257541,157.5,63,153561
11366,2948,44457,2.48,1,0,5,2948,39.7,63,2948
257541,190319,190319,1.14,1,1,5,153561,296.2,63,153561
108853,153561,2120,2.96,1,3,5,133,289.7,63,133
11366,257541,11366,0.78,1,1,5,257541,140.7,63,11366
11366,11366,257541,2.69,2,5,5,2948,101.6,63,2948
2120,190319,108853,0.91,1,0,5,153561,82.4,63,153561
2948,257541,257541,1.25,6,2,5,190319,162.9,63,190319
108853,382440,153561,0.88,1,2,5,11366,231.6,63,11366
44457,108853,44457,0.71,4,5,5,133,68.1,63,11366
382440,133,382440,1.4,5,3,5,2120,80.8,63,2120
2948,133,108853,2.66,1,0,5,11366,66.4,63,11366
133,11366,257541,1.12,2,1,5,382440,100.2,63,2948
11366,44457,108853,1.83,1,3,5,133,68.9,63,11366
11366,2948,190319,2.44,3,5,5,190319,198.6,63,190319
2948,382440,108853,0.8,6,3,5,190319,255.1,63,190319
2120,108853,153561,0.58,7,3,5,153561,287.0,63,382440
382440,44457,382440,0.75,3,5,5,190319,187.0,63,190319
2120,108853,133,0.8,1,0,5,11366,256.3,63,382440
190319,190319,133,0.52,8,3,5,2120,278.2,63,2120
108853,44457,2948,2.33,1,3,5,153561,197.8,63,153561
11366,153561,257541,2.5,1,0,5,44457,279.5,63,257541
2948,44457,153561,1.2,3,0,5,11366,180.7,63,11366
153561,257541,44457,1.25,1,1,5,2948,139.7,63,2948
382440,11366,257541,1.83,1,1,5,108853,148.9,63,108853
257541,108853,153561,2.35,5,4,5,2120,241.6,63,2120
2120,44457,108853,1.53,7,4,5,2120,43.8,63,2120
11366,257541,2948,2.28,1,1,5,2948,299.6,63,2948
108853,257541,257541,0.81,8,0,5,153561,52.5,63,153561
44457,257541,11366,2.34,1,5,5,2948,255.6,63,2948
382440,382440,190319,0.96,7,2,5,2120,45.1,63,2120
133,153561,133,1.61,2,5,5,382440,48.0,63,190319
133,257541,108853,2.92,1,0,5,153561,229.3,63,11366
2948,2120,190319,2.3,6,5,5,257541,175.6,63,382440
153561,190319,153561,1.53,7,2,5,133,103.3,63,133
2120,153561,11366,2.65,3,5,5,153561,229.8,63,108853
108853,133,190319,1.22,4,3,5,2120,106.6,63,2120
190319,133,257541,2.09,1,0,5,382440,181.8,63,382440
382440,133,108853,2.65,7,0,5,2120,292.7,63,2120
133,108853,153561,1.08,1,3,5,257541,207.7,63,257541
257541,190319,153561,1.74,7,1,5,133,74.4,63,133
2948,108853,257541,1.31,4,4,5,153561,282.1,63,2120
133,153561,382440,2.13,5,0,5,190319,246.5,63,190319
153561,257541,2948,1.61,3,1,5,257541,148.4,63,257541
11366,108853,44457,1.88,1,4,5,108853,29.7,63,108853
153561,11366,2948,2.01,1,1,5,108853,132.8,63,108853
382440,153561,11366,1.6,5,5,5,153561,34.7,63,153561
190319,11366,2120,2.31,2,0,5,2948,152.2,63,2948
382440,153561,108853,1.69,7,3,5,44457,223.4,63,153561
44457,382440,11366,2.88,5,3,5,2120,47.0,63,2120
108853,44457,190319,0.92,1,3,5,257541,116.3,63,257541
257541,133,153561,2.72,3,3,5,257541,29.0,63,257541
382440,190319,153561,0.57,5,5,5,153561,281.6,63,153561
133,2120,190319,0.71,5,3,5,108853,70.0,63,108853
133,44457,382440,1.61,1,5,5,2120,165.5,63,2948
153561,44457,44457,1.02,3,4,5,257541,57.7,63,257541
190319,2120,44457,0.95,1,1,5,11366,174.6,63,11366
190319,2120,382440,0.89,8,1,5,2948,158.0,63,2948
133,108853,190319,2.82,5,5,5,133,81.9,63,133
108853,108853,11366,2.95,2,0,5,2948,243.5,63,2948
257541,11366,108853,1.61,8,1,5,11366,70.3,63,11366
382440,133,257541,2.54,2,0,5,257541,109.3,63,257541
153561,44457,108853,0.72,8,5,5,2120,89.8,63,2120
44457,190319,2120,2.43,2,4,5,257541,131.4,63,257541
133,11366,108853,1.75,2,5,5,190319,34.4,63,190319
382440,44457,11366,1.96,2,5,5,382440,144.0,63,382440
153561,153561,11366,1.39,2,3,5,2120,45.1,63,190319
133,44457,257541,2.84,8,3,5,108853,259.9,63,108853
2120,133,153561,1.54,7,0,5,2948,236.5,63,2948
108853,133,382440,0.6,2,5,5,2948,293.2,63,2948
382440,190319,2948,1.81,7,0,5,44457,22.0,63,2948
44457,2948,382440,1.1,3,2,5,257541,10.2,63,257541
108853,44457,44457,0.71,1,0,5,190319,86.7,63,190319
44457,382440,2120,2.18,6,3,5,257541,2.3,63,2120
11366,2120,2120,1.48,3,3,5,382440,293.1,63,382440
2948,382440,44457,2.88,2,4,5,382440,192.6,63,382440
108853,2120,2120,2.34,3,1,5,382440,217.7,63,382440
11366,2948,11366,0.76,1,4,5,190319,88.5,63,190319
2948,190319,382440,2.1,1,2,5,382440,242.9,63,133
108853,2120,382440,2.55,5,0,5,2948,211.7,63,2948
257541,382440,44457,2.88,4,2,5,11366,152.4,63,11366
44457,2948,382440,1.38,4,0,5,108853,76.6,63,190319
44457,190319,44457,1.42,1,1,5,2948,295.1,63,2948
11366,11366,2120,2.89,2,4,5,382440,44.4,63,382440
108853,108853,190319,2.95,3,3,5,108853,263.2,63,108853
382440,257541,257541,2.55,4,5,5,11366,260.8,63,11366
108853,2948,257541,2.35,2,3,5,257541,85.9,63,108853
382440,11366,133,1.92,1,5,5,382440,146.7,63,382440
133,190319,2120,1.87,6,1,5,2120,81.8,63,2120
190319,2120,133,1.01,1,3,5,11366,187.0,63,11366
108853,2948,108853,1.84,1,2,5,190319,106.9,63,190319
108853,2948,108853,1.68,7,2,5,2120,60.0,63,2120
11366,44457,44457,2.57,5,2,5,2120,274.1,63,2120
382440,133,382440,0.99,4,4,5,190319,38.1,63,190319
153561,44457,11366,0.93,6,5,5,11366,145.0,63,11366
2948,257541,382440,1.82,1,4,5,2948,76.4,63,190319
153561,133,382440,1.21,2,2,5,153561,281.7,63,153561
2120,44457,133,2.96,1,3,5,257541,24.1,63,257541
2120,382440,257541,1.58,8,5,5,257541,215.1,63,2948
44457,2948,44457,2.15,5,3,5,190319,43.7,63,153561
2948,44457,44457,1.32,3,0,5,2948,22.6,63,2948
153561,133,108853,2.49,7,5,5,2120,133.3,63,2120
257541,2948,257541,1.01,2,1,5,257541,228.3,63,108853
2120,44457,2120,1.75,5,0,5,2120,60.0,63,2120
2120,11366,44457,1.43,4,3,5,2948,121.1,63,2948
257541,44457,382440,2.78,6,5,5,2120,288.9,63,2120
2120,190319,2948,1.48,8,1,5,190319,246.0,63,2948
11366,257541,190319,0.95,7,2,5,153561,73.5,63,153561
257541,190319,108853,2.68,1,5,5,2948,3.4,63,2948
190319,133,257541,2.77,1,2,5,108853,211.6,63,108853
108853,190319,108853,1.06,3,4,5,382440,29.0,63,382440
190319,2948,2948,2.3,2,3,5,382440,121.5,63,257541
153561,2120,44457,0.54,1,4,5,11366,155.7,63,11366
44457,190319,11366,1.77,1,1,5,11366,5.0,63,11366
133,153561,153561,1.11,1,5,5,190319,207.3,63,108853
11366,2948,382440,2.0,7,3,5,382440,228.8,63,382440
133,133,108853,2.8,2,1,5,2948,5.3,63,2948
382440,2948,190319,2.31,3,1,5,382440,192.2,63,382440
153561,11366,257541,2.25,7,2,5,2120,194.9,63,2120
190319,190319,2120,2.36,1,4,5,382440,72.9,63,382440
257541,108853,2948,1.71,8,3,5,2120,285.4,63,2120
382440,44457,133,2.39,6,1,5,133,123.2,63,133
108853,133,190319,1.46,1,4,5,153561,111.0,63,153561
11366,133,11366,1.15,7,1,5,2120,52.5,63,2120
257541,44457,133,2.89,3,4,5,153561,238.4,63,153561
257541,133,257541,2.23,1,5,5,257541,43.9,63,133
2948,2120,382440,1.38,3,5,5,153561,114.4,63,382440
190319,108853,190319,2.0,1,4,5,11366,201.2,63,11366
153561,382440,133,2.21,5,4,5,382440,260.8,63,382440
153561,382440,382440,1.0,1,4,5,257541,273.6,63,257541
11366,108853,2948,0.58,3,5,5,108853,111.2,63,108853
133,2948,44457,1.87,1,4,5,2948,297.5,63,2948
108853,2948,2948,2.82,2,2,5,2120,128.5,63,11366
257541,44457,44457,0.54,3,5,5,382440,89.7,63,11366
153561,382440,133,2.78,8,4,5,190319,216.1,63,2948
11366,257541,153561,1.43,1,3,5,2948,267.0,63,2948
153561,382440,44457,2.58,1,2,5,2948,276.6,63,2948
2948,257541,2120,1.37,2,0,5,257541,231.9,63,257541
382440,133,11366,2.68,3,4,5,382440,214.5,63,382440
2948,44457,257541,2.29,6,2,5,108853,80.2,63,11366
2948,382440,190319,1.08,4,1,5,2948,280.0,63,2948
2120,2120,44457,1.32,1,1,5,382440,97.8,63,382440
44457,153561,190319,1.32,2,2,5,44457,153.0,63,133
11366,108853,133,2.38,3,4,5,108853,236.6,63,133
382440,11366,11366,2.15,1,2,5,382440,287.3,63,153561
257541,2120,108853,1.26,5,2,5,2948,139.4,63,2948
190319,153561,133,1.26,2,2,5,11366,269.2,63,11366
133,2120,382440,1.32,6,1,5,133,205.5,63,133
108853,190319,11366,2.11,1,1,5,2948,192.9,63,11366
257541,44457,44457,2.31,4,1,5,133,187.1,63,133
382440,2948,2948,0.8,2,4,5,44457,142.7,63,153561
190319,2120,44457,2.51,1,3,5,190319,230.5,63,257541
257541,257541,11366,1.98,1,2,5,382440,63.2,63,382440
2120,133,133,2.44,1,4,5,257541,185.0,63,11366
257541,257541,133,2.99,1,5,5,11366,32.2,63,11366
108853,2120,153561,1.08,1,0,5,133,254.4,63,133
153561,190319,44457,2.39,2,3,5,257541,105.3,63,2948
190319,153561,190319,1.86,2,0,5,44457,249.4,63,2948
2120,153561,11366,0.72,5,4,5,190319,28.9,63,108853
11366,153561,11366,2.63,2,4,5,44457,222.1,63,108853
2120,382440,133,1.53,1,5,5,2948,154.3,63,2948
382440,2120,11366,0.5,2,3,5,190319,72.7,63,190319
11366,133,153561,2.26,2,3,5,153561,213.3,63,153561
153561,190319,190319,2.86,2,5,5,2948,249.7,63,2948
108853,257541,153561,1.27,2,3,5,133,230.3,63,190319
2948,257541,108853,1.74,5,0,5,11366,72.9,63,11366
190319,44457,2948,2.26,2,4,5,11366,104.1,63,11366
108853,108853,257541,0.79,6,0,5,2120,128.9,63,2120
257541,257541,11366,1.18,2,0,5,190319,213.6,63,190319
108853,108853,108853,2.53,1,1,5,153561,167.3,63,153561
382440,108853,153561,0.68,7,3,5,2120,47.7,63,2120
2948,2120,108853,1.07,3,3,5,108853,75.1,63,11366
133,133,2948,1.86,1,4,5,2120,239.1,63,190319
382440,153561,2948,2.61,1,1,5,133,211.9,63,133
2948,11366,257541,1.3,2,0,5,108853,264.8,63,108853
11366,133,44457,1.51,1,1,5,108853,100.5,63,108853
2948,257541,133,2.78,5,1,5,153561,2.3,63,153561
11366,257541,382440,2.06,2,5,5,11366,246.8,63,11366
153561,44457,153561,2.46,1,2,5,257541,248.8,63,2948
257541,257541,190319,0.83,2,1,5,153561,88.7,63,153561
382440,153561,108853,1.09,8,1,5,11366,218.9,63,11366
2120,2120,2120,1.36,5,4,5,2120,34.2,63,2120
2120,11366,153561,0.53,1,0,5,382440,165.5,63,382440
44457,153561,44457,2.08,8,0,5,44457,130.1,63,153561
153561,44457,2120,1.55,1,4,5,2948,64.8,63,257541
153561,2948,382440,0.96,5,5,5,190319,18.0,63,190319
2948,2120,44457,1.0,2,4,5,153561,264.8,63,153561
2120,44457,153561,1.0,7,3,5,257541,181.3,63,257541
11366,257541,257541,1.34,2,0,5,382440,91.5,63,382440
382440,190319,153561,2.48,2,2,5,11366,109.5,63,11366
133,11366,190319,1.35,1,5,5,133,97.4,63,153561
382440,44457,108853,2.86,1,0,5,2948,92.5,63,190319
133,133,11366,2.17,5,3,5,44457,15.9,63,153561
257541,44457,108853,2.63,2,5,5,108853,47.2,63,108853
133,153561,108853,0.51,7,4,5,2120,58.7,63,2120
2120,153561,190319,1.36,4,3,5,2120,159.6,63,2120
153561,11366,133,1.01,2,5,5,133,289.8,63,133
108853,2120,44457,2.33,8,1,5,11366,284.3,63,11366
153561,2948,133,1.83,4,3,5,11366,236.2,63,11366
190319,153561,11366,2.93,2,1,5,257541,272.4,63,257541
44457,153561,44457,1.07,3,0,5,257541,295.1,63,257541
257541,108853,44457,1.32,7,5,5,153561,194.3,63,153561
257541,153561,382440,2.15,6,0,5,2120,75.3,63,2120
2120,133,257541,2.87,1,1,5,2948,7.7,63,2948
108853,190319,153561,0.86,5,4,5,190319,299.3,63,190319
2948,382440,11366,1.88,7,1,5,190319,177.8,63,2948
44457,11366,11366,1.0,2,1,5,153561,237.6,63,153561
133,153561,133,0.68,3,1,5,133,203.8,63,153561
108853,2948,133,1.4,5,2,5,133,17.2,63,133
257541,153561,108853,0.57,8,2,5,382440,30.4,63,133
2948,382440,257541,0.79,4,4,5,2948,257.9,63,2948
153561,108853,11366,2.07,1,1,5,2948,54.1,63,2948
382440,133,257541,1.03,1,3,5,2120,275.9,63,11366
2120,2120,190319,2.6,3,5,5,2948,138.0,63,2948
2120,190319,133,2.53,5,0,5,2120,115.1,63,2120
2948,2948,382440,2.59,1,2,5,2948,266.3,63,2948
2120,257541,2948,0.64,8,3,5,190319,149.0,63,190319
108853,133,190319,1.34,5,5,5,382440,213.9,63,11366
190319,2948,11366,0.98,1,3,5,2120,114.3,63,153561
44457,2948,190319,2.64,1,5,5,190319,76.0,63,190319
2120,153561,2120,0.97,1,1,5,153561,290.0,63,153561
153561,133,257541,2.95,1,2,5,11366,6.7,63,133
133,190319,44457,1.96,2,5,5,108853,279.6,63,2948
44457,133,2120,2.23,4,4,5,44457,235.4,63,153561
153561,2948,2948,2.9,3,1,5,133,198.3,63,133
2948,2948,190319,2.13,4,2,5,11366,286.8,63,108853
11366,190319,153561,1.93,1,4,5,190319,186.8,63,190319
44457,2120,190319,2.83,5,3,5,11366,264.2,63,11366
190319,382440,2120,2.71,2,2,5,108853,107.1,63,108853
133,257541,257541,1.95,2,5,5,11366,101.4,63,11366
133,11366,382440,0.61,4,4,5,153561,254.7,63,2120
2120,2120,2948,1.17,1,1,5,44457,289.7,63,257541
2948,44457,133,2.91,2,4,5,2948,273.2,63,2948
153561,190319,257541,2.25,1,2,5,108853,107.1,63,108853
257541,382440,257541,0.67,8,4,5,2120,18.1,63,2120
382440,153561,382440,0.97,1,3,5,11366,17.7,63,11366
11366,257541,190319,2.63,1,0,5,257541,98.2,63,11366
257541,108853,2948,0.83,2,2,5,2948,236.0,63,2948
190319,44457,2120,0.52,1,3,5,2948,64.5,63,2948
2948,2120,108853,2.89,1,1,5,153561,262.2,63,2948
2948,133,11366,3.0,3,0,5,11366,63.9,63,11366
44457,190319,2948,2.1,3,1,5,2948,39.2,63,2948
2948,382440,257541,0.66,1,0,5,133,60.9,63,133
153561,153561,2120,1.8,1,2,5,190319,77.3,63,190319
2948,2948,133,1.48,8,1,5,11366,96.7,63,2948
382440,153561,44457,0.52,1,1,5,11366,281.5,63,11366
257541,153561,2948,2.5,2,0,5,153561,53.5,63,133
153561,190319,11366,0.98,1,3,5,2120,205.8,63,382440
44457,108853,382440,1.31,1,2,5,2948,263.0,63,190319
2948,153561,2120,0.75,2,0,5,257541,248.8,63,11366
153561,44457,44457,1.92,1,1,5,257541,84.0,63,257541
11366,2120,133,2.41,1,3,5,108853,144.6,63,382440
11366,190319,382440,1.11,3,3,5,153561,120.8,63,153561
133,2948,153561,2.25,1,0,5,133,274.6,63,133
382440,108853,108853,1.16,2,3,5,153561,103.2,63,153561
2948,44457,2120,1.32,2,3,5,190319,251.3,63,2948
382440,11366,382440,2.27,1,2,5,11366,22.6,63,382440
257541,11366,44457,2.97,6,5,5,2120,206.1,63,2120
190319,257541,190319,2.67,1,4,5,382440,52.5,63,2948
133,11366,133,1.22,7,2,5,108853,215.6,63,382440
2948,44457,44457,0.89,1,3,5,133,182.9,63,133
382440,108853,44457,2.63,1,3,5,11366,120.0,63,11366
2948,108853,133,2.24,2,3,5,44457,181.9,63,190319
11366,382440,153561,1.73,1,4,5,133,200.3,63,133
382440,44457,2948,1.25,3,0,5,133,64.8,63,190319
133,108853,257541,1.37,2,5,5,2948,272.8,63,2948
44457,257541,44457,2.73,3,3,5,11366,290.5,63,11366
108853,2948,153561,1.16,1,2,5,2948,286.4,63,2948
382440,153561,2948,0.81,3,2,5,190319,257.8,63,190319
382440,44457,382440,0.95,2,0,5,190319,190.0,63,190319
382440,257541,11366,1.44,7,0,5,11366,132.4,63,11366
44457,44457,2948,2.07,8,1,5,11366,76.6,63,11366
257541,382440,153561,1.72,3,1,5,2948,96.5,63,2948
44457,2120,2948,1.95,2,5,5,257541,24.3,63,257541
133,382440,133,2.13,1,3,5,2948,161.5,63,2948
2948,2948,382440,2.93,8,1,5,2120,98.8,63,133
2948,153561,382440,2.59,7,2,5,153561,76.6,63,2120
257541,257541,108853,2.77,1,3,5,382440,117.2,63,382440
44457,133,11366,1.18,2,5,5,257541,144.1,63,153561
190319,11366,108853,0.99,1,3,5,133,58.8,63,133
257541,2120,153561,1.69,1,3,5,108853,113.1,63,2948
190319,2948,44457,0.53,1,4,5,108853,188.3,63,108853
133,44457,11366,1.79,3,3,5,2948,261.4,63,2948
2948,257541,153561,0.53,1,5,5,2120,75.4,63,11366
44457,11366,382440,2.15,1,3,5,44457,140.3,63,190319
257541,2120,257541,2.8,5,0,5,382440,35.8,63,382440
11366,2120,2948,0.88,3,5,5,190319,173.0,63,190319
11366,44457,11366,2.97,2,0,5,153561,112.2,63,2948
2948,382440,190319,0.65,8,1,5,153561,17.1,63,133
257541,153561,108853,1.52,2,3,5,133,14.7,63,11366
382440,44457,11366,2.8,1,3,5,153561,144.1,63,153561
133,108853,190319,2.66,2,3,5,190319,133.6,63,190319
2120,133,153561,2.94,1,4,5,190319,86.8,63,190319
382440,11366,190319,2.62,7,0,5,133,214.7,63,153561
153561,108853,153561,1.06,1,0,5,257541,234.6,63,257541
2120,2948,133,2.9,6,0,5,2948,272.0,63,2948
257541,133,153561,0.83,1,2,5,153561,270.6,63,153561
2120,133,190319,1.32,3,2,5,257541,260.1,63,257541
44457,153561,2120,1.81,3,4,5,133,260.8,63,153561
382440,153561,153561,1.57,2,0,5,190319,4.4,63,190319
108853,153561,153561,2.92,3,3,5,11366,171.7,63,11366
2120,382440,133,1.45,1,5,5,2948,126.9,63,133
2948,2948,257541,2.88,7,2,5,153561,285.2,63,153561
382440,108853,257541,2.15,1,4,5,382440,281.4,63,190319
11366,133,44457,1.52,1,2,5,2948,228.9,63,2948
11366,2120,11366,0.52,4,4,5,2120,181.9,63,2120
108853,133,190319,2.38,3,4,5,133,118.1,63,133
153561,2120,2120,0.59,3,1,5,190319,152.9,63,190319
257541,108853,108853,2.87,3,5,5,108853,287.2,63,108853
382440,153561,44457,1.02,8,1,5,382440,246.1,63,382440
257541,190319,108853,1.98,1,1,5,382440,237.4,63,2948
2948,2120,2948,0.84,4,0,5,257541,154.6,63,257541
153561,257541,2120,2.36,6,2,5,11366,71.5,63,11366
108853,11366,108853,1.81,2,1,5,190319,69.5,63,190319
382440,257541,11366,2.33,2,0,5,11366,261.0,63,11366
108853,11366,11366,1.47,1,5,5,382440,125.7,63,382440
257541,11366,2120,2.54,1,5,5,382440,298.1,63,382440
133,11366,133,1.82,1,5,5,2948,50.0,63,2948
2120,133,133,1.88,1,0,5,153561,289.3,63,153561
11366,190319,133,2.08,1,2,5,190319,182.8,63,133
133,133,11366,2.93,7,2,5,11366,138.4,63,2948
257541,2120,133,1.67,1,3,5,108853,187.8,63,108853
153561,44457,108853,0.78,8,1,5,382440,274.6,63,153561
108853,2948,190319,1.71,1,0,5,108853,127.9,63,108853
382440,108853,382440,2.11,8,3,5,257541,84.5,63,257541
133,11366,257541,2.73,2,0,5,11366,88.3,63,11366
133,153561,190319,0.6,1,2,5,133,212.5,63,257541
44457,190319,44457,0.88,1,1,5,2948,37.9,63,382440
11366,44457,2948,2.9,8,5,5,2948,269.1,63,2948
257541,153561,2120,1.98,3,2,5,108853,46.9,63,108853
2120,11366,2948,1.87,1,1,5,108853,57.7,63,108853
2120,108853,382440,1.59,4,3,5,2948,298.8,63,2948
382440,2948,44457,2.21,3,5,5,257541,30.9,63,257541
44457,190319,44457,1.97,5,3,5,2120,110.6,63,2120
2120,133,108853,2.13,1,4,5,11366,149.6,63,11366
153561,2120,44457,1.05,3,5,5,108853,57.5,63,108853
108853,257541,190319,2.87,6,4,5,2120,0.5,63,2120
190319,11366,190319,2.58,3,5,5,2948,89.8,63,2948
257541,190319,2948,0.94,1,1,5,11366,13.5,63,11366
190319,257541,108853,0.6,4,1,5,108853,63.9,63,108853
11366,133,190319,1.09,1,3,5,133,39.6,63,133
108853,382440,190319,1.92,2,4,5,133,251.7,63,133
2948,44457,382440,2.62,3,3,5,2120,104.3,63,133
257541,153561,190319,1.89,3,0,5,11366,119.7,63,11366
108853,257541,190319,2.4,3,4,5,153561,20.7,63,382440
2120,133,44457,2.36,8,5,5,2120,60.8,63,2120
2948,133,382440,2.34,1,2,5,2948,249.5,63,108853
2120,11366,153561,1.2,1,4,5,2948,111.4,63,2948
2948,382440,153561,1.12,3,2,5,382440,111.5,63,382440
153561,190319,257541,0.98,1,1,5,2948,94.7,63,153561
108853,2948,190319,1.54,2,4,5,257541,26.6,63,133
11366,2948,382440,0.55,1,5,5,11366,223.0,63,11366
11366,2120,382440,2.5,1,0,5,2948,16.3,63,2948
257541,11366,382440,2.49,1,4,5,11366,64.2,63,11366
382440,153561,2120,2.33,3,5,5,382440,211.5,63,382440
11366,11366,257541,2.56,1,1,5,382440,56.5,63,382440
153561,382440,257541,2.71,3,4,5,190319,68.5,63,190319
190319,133,257541,1.35,2,3,5,257541,13.5,63,257541
190319,108853,44457,2.76,3,3,5,108853,82.1,63,108853
257541,108853,153561,2.61,2,2,5,382440,191.5,63,382440
257541,44457,133,2.37,6,4,5,2948,264.0,63,2948
133,153561,133,0.77,1,1,5,153561,136.1,63,153561
11366,2948,11366,1.6,7,4,5,2120,284.7,63,2120
133,2120,153561,1.23,2,3,5,153561,202.9,63,153561
2120,11366,133,1.95,1,4,5,382440,263.1,63,382440
382440,44457,133,1.31,1,1,5,11366,159.8,63,11366
11366,2948,382440,2.98,7,1,5,2120,90.5,63,2120
108853,2120,190319,0.58,1,3,5,153561,49.1,63,153561
2120,190319,2948,1.87,1,3,5,2948,149.7,63,2948
2948,44457,382440,0.97,7,2,5,2948,2.9,63,2948
257541,382440,108853,1.48,7,5,5,2120,83.2,63,2120
2948,2120,153561,1.64,7,3,5,2948,297.3,63,2948
44457,108853,2948,1.65,2,0,5,108853,41.4,63,108853
2120,190319,190319,1.59,6,4,5,190319,37.9,63,133
44457,153561,2120,1.43,3,3,5,257541,299.2,63,11366
2120,108853,2120,0.52,1,2,5,11366,240.2,63,11366
382440,257541,11366,1.84,3,1,5,133,131.4,63,133
2948,2120,44457,1.7,5,5,5,190319,257.9,63,11366
2120,153561,108853,1.97,2,0,5,133,174.8,63,133
190319,382440,44457,1.91,1,5,5,11366,89.4,63,11366
382440,382440,108853,2.71,2,4,5,108853,154.7,63,108853
190319,108853,2120,2.68,1,3,5,133,126.7,63,133
11366,153561,190319,2.79,6,4,5,153561,265.0,63,2948
382440,2948,382440,1.77,1,4,5,108853,80.9,63,108853
133,257541,190319,2.84,1,4,5,2948,164.2,63,2948
44457,2948,190319,2.11,4,3,5,108853,190.1,63,108853
153561,11366,133,2.71,1,2,5,133,286.3,63,133
2120,153561,2120,2.37,3,0,5,2948,191.3,63,2948
153561,108853,2120,1.3,2,3,5,153561,278.2,63,153561
11366,257541,2120,0.63,1,3,5,2948,121.1,63,2948
108853,2120,11366,2.17,3,0,5,11366,58.0,63,257541
2120,44457,2948,2.95,3,0,5,44457,211.3,63,190319
2948,2948,11366,2.82,2,1,5,11366,98.1,63,11366
257541,11366,2120,2.84,6,4,5,153561,119.1,63,153561
11366,108853,2948,0.99,7,0,5,133,293.3,63,2120
108853,11366,44457,0.95,1,1,5,153561,120.7,63,153561
2948,2948,382440,0.72,1,3,5,257541,24.1,63,257541
382440,153561,257541,2.88,8,3,5,190319,19.7,63,190319
11366,133,382440,2.98,1,3,5,2120,190.3,63,133
108853,11366,153561,2.94,3,3,5,2948,223.4,63,2948
44457,11366,133,2.76,6,2,5,2948,181.7,63,2120
190319,2120,2120,2.07,2,2,5,11366,235.9,63,11366
382440,108853,2120,0.84,3,0,5,11366,90.8,63,108853
11366,44457,190319,1.73,7,5,5,382440,295.5,63,108853
382440,108853,108853,1.51,1,3,5,133,224.2,63,133
153561,190319,11366,1.62,8,0,5,108853,112.5,63,108853
11366,11366,382440,1.07,3,5,5,2948,113.7,63,2948
2948,44457,190319,1.97,3,4,5,382440,99.1,63,2948
108853,190319,133,1.85,1,5,5,108853,249.7,63,108853
153561,108853,190319,2.5,1,3,5,382440,83.0,63,382440
190319,190319,133,2.61,8,2,5,190319,147.4,63,190319
44457,11366,2948,2.37,5,1,5,2120,63.1,63,2120
108853,382440,2120,2.11,1,4,5,11366,113.0,63,11366
11366,2948,2948,1.97,4,2,5,2120,15.6,63,2120
11366,257541,190319,1.53,3,0,5,11366,274.3,63,108853
2948,133,257541,1.28,5,1,5,2948,76.0,63,2948
382440,108853,153561,2.69,1,5,5,2948,231.7,63,11366
2948,2948,2948,1.16,2,5,5,2948,151.0,63,2948
257541,382440,190319,1.58,1,3,5,153561,245.8,63,153561
11366,11366,2948,1.16,1,3,5,11366,164.4,63,11366
108853,11366,44457,2.94,6,2,5,11366,113.9,63,11366
257541,2948,190319,2.75,4,3,5,2120,132.7,63,2120
2120,11366,108853,2.68,8,0,5,190319,257.2,63,190319
257541,153561,153561,1.27,1,0,5,190319,273.9,63,257541
108853,44457,153561,2.41,3,0,5,153561,116.4,63,153561
44457,11366,190319,0.73,2,1,5,133,205.1,63,133
153561,11366,2948,2.8,2,4,5,153561,95.6,63,153561
190319,44457,382440,2.25,2,4,5,11366,12.6,63,153561
108853,382440,2120,0.76,3,0,5,190319,10.7,63,153561
257541,190319,2948,0.84,7,1,5,257541,245.6,63,257541
2120,11366,382440,0.99,1,1,5,153561,252.2,63,153561
2120,108853,2948,0.53,1,0,5,133,228.2,63,133
257541,2120,190319,2.68,1,1,5,153561,177.6,63,153561
190319,2948,11366,2.81,2,4,5,108853,47.5,63,108853
257541,190319,133,2.48,4,1,5,190319,83.6,63,190319
108853,153561,2948,2.05,1,4,5,11366,240.0,63,257541
108853,2120,190319,0.9,6,5,5,153561,154.3,63,153561
133,133,257541,2.45,2,4,5,133,173.3,63,133
2120,190319,382440,0.71,1,2,5,153561,207.2,63,257541
2120,108853,257541,0.75,6,0,5,11366,272.0,63,11366
2120,382440,153561,1.92,3,0,5,2948,71.0,63,2948
382440,108853,2120,2.83,1,1,5,108853,145.0,63,108853
257541,133,11366,1.99,2,1,5,382440,128.6,63,382440
2120,2948,257541,2.05,6,0,5,133,53.7,63,133
11366,2948,108853,2.81,1,3,5,108853,49.6,63,108853
153561,44457,153561,1.01,4,3,5,2120,133.3,63,2120
133,2948,2948,1.48,3,1,5,11366,212.5,63,11366
257541,257541,257541,2.89,1,0,5,2948,294.7,63,2948
257541,382440,190319,2.26,6,0,5,2948,67.2,63,382440
108853,2948,11366,2.2,3,0,5,2948,185.0,63,2948
44457,133,2120,2.86,7,2,5,190319,190.4,63,190319
153561,2120,11366,1.7,1,5,5,2948,264.1,63,2948
44457,190319,11366,1.34,1,3,5,2948,73.4,63,2948
133,190319,2120,2.71,8,1,5,2120,8.1,63,2120
133,133,190319,2.6,1,1,5,2948,278.0,63,2948
2948,257541,382440,2.85,1,4,5,190319,199.1,63,190319
382440,257541,257541,2.73,2,3,5,108853,59.1,63,108853
257541,2948,153561,2.33,1,4,5,44457,247.0,63,133
2948,382440,190319,2.32,2,3,5,2948,140.3,63,2948
257541,257541,2120,1.22,1,1,5,2948,247.2,63,153561
190319,153561,11366,2.39,3,0,5,2948,39.7,63,2948
2120,2948,2948,0.88,1,4,5,153561,12.6,63,153561
108853,2120,2120,0.89,1,3,5,153561,185.6,63,153561
153561,190319,11366,1.37,4,5,5,2948,213.6,63,2948
133,44457,2120,1.56,1,1,5,153561,7.3,63,190319
44457,190319,153561,2.74,1,3,5,11366,125.5,63,11366
153561,190319,190319,1.49,8,1,5,133,127.5,63,133
153561,2120,44457,1.71,5,0,5,2120,152.4,63,2120
190319,133,382440,2.52,3,0,5,257541,74.9,63,153561
2948,382440,44457,0.93,5,4,5,2120,165.7,63,2120
108853,44457,2948,2.62,4,1,5,2120,221.5,63,2120
11366,2948,11366,0.53,2,0,5,190319,248.8,63,190319
11366,2948,190319,2.46,1,1,5,11366,191.7,63,11366
108853,133,108853,1.99,4,2,5,2120,143.1,63,2120
2948,2120,11366,0.71,3,2,5,382440,115.6,63,382440
190319,153561,11366,1.04,3,3,5,11366,113.8,63,11366
257541,108853,44457,1.61,1,2,5,190319,257.6,63,2948
108853,2948,133,2.8,7,4,5,2120,66.1,63,2120
2948,133,382440,1.53,1,5,5,11366,78.3,63,11366
190319,108853,108853,0.82,8,5,5,11366,260.8,63,11366
2948,2120,2948,1.7,1,3,5,44457,26.6,63,133
2948,257541,108853,1.54,3,1,5,133,116.4,63,153561
108853,190319,153561,1.82,2,0,5,11366,277.4,63,11366
133,108853,2948,0.72,8,2,5,153561,203.2,63,153561
133,190319,11366,2.95,3,0,5,2948,161.4,63,2948
11366,108853,108853,1.85,4,5,5,133,25.3,63,133
153561,190319,11366,1.14,1,5,5,257541,64.4,63,257541
382440,133,2948,0.55,4,0,5,153561,93.5,63,153561
2948,382440,44457,1.17,6,4,5,2948,22.6,63,2948
108853,257541,108853,2.3,1,4,5,44457,75.2,63,153561
2948,190319,2120,3.0,5,0,5,11366,36.9,63,11366
382440,44457,44457,1.11,5,1,5,2948,10.2,63,2948
153561,190319,133,0.93,4,1,5,257541,205.4,63,257541
153561,2948,257541,0.84,1,2,5,44457,102.5,63,11366
44457,108853,382440,1.9,6,0,5,257541,34.1,63,257541
257541,190319,108853,2.02,7,1,5,2948,137.8,63,2948
190319,257541,108853,0.63,2,4,5,190319,234.3,63,11366
153561,108853,382440,0.87,1,1,5,2948,174.8,63,2948
257541,2120,257541,2.49,1,1,5,11366,273.1,63,11366
153561,2120,133,0.68,1,3,5,190319,83.9,63,190319
153561,153561,257541,0.51,2,0,5,257541,229.7,63,257541
133,133,108853,0.5,3,5,5,11366,184.3,63,11366
2120,44457,257541,2.38,1,5,5,2948,223.7,63,2948
11366,44457,2120,0.89,2,4,5,190319,93.3,63,190319
153561,44457,44457,1.32,3,5,5,108853,121.2,63,108853
2948,153561,382440,0.66,4,1,5,108853,203.6,63,108853
190319,190319,2120,2.24,1,1,5,108853,39.4,63,108853
382440,382440,44457,0.77,3,1,5,108853,245.8,63,108853
2948,2120,11366,2.76,2,0,5,11366,180.6,63,11366
11366,382440,2120,0.96,1,5,5,133,194.3,63,11366
153561,257541,153561,1.97,2,1,5,153561,204.8,63,153561
11366,382440,153561,2.85,4,0,5,108853,43.0,63,108853
153561,11366,44457,1.49,1,5,5,257541,239.3,63,257541
257541,257541,2120,1.04,4,0,5,257541,10.7,63,257541
257541,44457,190319,0.71,2,1,5,382440,235.4,63,382440
2120,44457,190319,0.82,3,1,5,108853,37.7,63,11366
153561,11366,2120,2.75,3,5,5,133,69.7,63,133
44457,108853,108853,1.76,2,5,5,382440,180.1,63,382440
108853,133,382440,0.6,1,2,5,108853,193.3,63,108853
133,44457,11366,2.73,3,2,5,2948,267.6,63,2948
108853,44457,382440,1.69,8,2,5,108853,266.4,63,108853
257541,382440,382440,1.5,1,5,5,153561,139.8,63,153561
44457,2120,108853,1.94,1,3,5,153561,294.3,63,153561
382440,133,133,1.6,3,4,5,153561,218.0,63,153561
11366,11366,133,2.45,1,5,5,44457,257.4,63,11366
153561,11366,2120,1.33,3,3,5,11366,186.0,63,11366
11366,44457,382440,0.81,5,2,5,2120,177.1,63,2120
190319,11366,133,2.79,3,1,5,108853,9.0,63,108853
133,108853,44457,0.58,1,1,5,11366,288.0,63,11366
133,2948,257541,2.91,1,3,5,257541,249.9,63,382440
382440,257541,11366,2.86,8,1,5,257541,275.6,63,257541
11366,153561,257541,2.96,1,4,5,11366,33.8,63,108853
133,257541,2948,1.4,2,3,5,382440,278.4,63,133
2120,133,2120,1.85,7,5,5,190319,190.4,63,190319
2120,153561,2120,1.49,1,5,5,190319,297.9,63,11366
44457,257541,190319,0.78,5,2,5,11366,173.2,63,11366
153561,2948,382440,2.74,1,0,5,153561,258.6,63,153561
153561,2120,190319,1.83,1,4,5,108853,186.1,63,382440
190319,108853,2120,1.87,2,0,5,153561,186.4,63,153561
108853,153561,190319,2.19,1,2,5,190319,54.3,63,190319
153561,133,133,0.54,1,5,5,11366,35.1,63,11366
190319,382440,190319,2.28,1,2,5,11366,162.3,63,11366
11366,153561,190319,2.31,2,3,5,2948,73.5,63,2948
190319,2948,190319,0.97,2,0,5,133,120.6,63,190319
108853,108853,11366,1.71,3,1,5,108853,34.6,63,153561
11366,11366,44457,1.95,5,1,5,133,84.2,63,133
2948,108853,133,1.88,3,3,5,11366,32.2,63,11366
44457,108853,257541,2.4,3,5,5,190319,58.4,63,190319
190319,133,44457,1.6,6,2,5,11366,274.1,63,11366
190319,133,382440,0.72,1,2,5,2948,247.1,63,2948
133,2948,382440,1.86,1,3,5,11366,143.1,63,11366
108853,133,133,2.0,1,3,5,2948,16.1,63,2948
133,133,257541,2.31,7,4,5,2948,121.3,63,2120
153561,133,257541,1.26,3,0,5,11366,91.5,63,153561
2120,257541,382440,0.79,7,1,5,2948,139.8,63,2948
2948,2948,382440,1.75,8,0,5,382440,118.6,63,153561
108853,257541,133,1.15,2,0,5,190319,298.3,63,2948
133,190319,2120,2.01,5,3,5,190319,55.3,63,2120
133,108853,190319,2.59,1,4,5,257541,293.2,63,257541
11366,133,2120,0.89,1,1,5,133,191.5,63,133
108853,2120,2948,2.68,3,0,5,11366,10.8,63,11366
257541,11366,44457,1.55,1,1,5,2948,65.8,63,11366
44457,257541,2120,1.84,1,0,5,2948,280.6,63,2948
153561,190319,133,1.22,1,5,5,44457,281.4,63,11366
257541,190319,153561,1.59,8,1,5,190319,206.9,63,190319
190319,44457,153561,2.31,1,4,5,2948,53.2,63,2948
2948,2948,108853,0.85,6,3,5,133,194.7,63,11366
257541,2120,2948,2.28,3,0,5,11366,143.5,63,11366
153561,133,2948,0.68,1,1,5,190319,22.1,63,190319
44457,11366,382440,2.71,1,3,5,108853,263.0,63,2948
2120,2948,2120,0.66,1,5,5,153561,17.0,63,153561
2948,2948,257541,2.28,7,2,5,2120,105.9,63,2120
2120,133,190319,2.2,2,2,5,257541,103.4,63,2948
2948,190319,44457,1.0,3,3,5,257541,246.3,63,382440
133,190319,190319,1.65,3,2,5,382440,120.0,63,382440
190319,382440,257541,1.84,1,0,5,190319,129.7,63,190319
257541,133,382440,2.1,8,0,5,2120,62.7,63,2120
2948,382440,2120,2.09,5,4,5,382440,62.1,63,382440
2948,382440,257541,0.98,3,5,5,153561,14.1,63,153561
44457,108853,2120,0.58,6,0,5,44457,191.4,63,2120
108853,11366,133,1.5,2,4,5,108853,128.2,63,108853
108853,44457,44457,1.67,2,0,5,2948,182.8,63,2948
2120,133,153561,1.07,5,1,5,2120,42.8,63,2120
2120,257541,108853,2.43,4,5,5,2120,72.6,63,11366
382440,108853,257541,2.92,1,5,5,2948,23.9,63,2948
153561,190319,153561,2.02,5,4,5,190319,237.7,63,133
44457,190319,44457,1.41,3,2,5,190319,144.9,63,190319
2948,108853,11366,2.85,1,5,5,382440,204.6,63,382440
190319,153561,11366,0.99,3,1,5,108853,36.4,63,257541
133,108853,382440,0.69,1,3,5,133,51.1,63,133
153561,133,190319,2.67,8,2,5,11366,132.1,63,11366
11366,190319,108853,2.08,1,1,5,2120,204.9,63,257541
11366,2948,190319,2.93,7,0,5,11366,25.7,63,11366
2120,44457,44457,2.44,5,0,5,257541,218.2,63,257541
2948,2120,133,2.9,7,4,5,2120,248.9,63,2120
382440,2948,153561,2.6,1,3,5,2948,192.4,63,2948
190319,382440,2120,1.95,4,0,5,382440,131.6,63,108853
190319,133,2948,0.55,1,3,5,2948,145.3,63,382440
153561,257541,44457,1.48,4,2,5,2120,290.5,63,153561
108853,2120,2120,2.2,3,5,5,190319,126.8,63,190319
11366,133,2948,2.6,2,0,5,190319,13.8,63,190319
44457,108853,11366,1.7,1,4,5,190319,168.2,63,190319
44457,190319,382440,2.69,2,0,5,257541,278.7,63,257541
108853,2948,2120,0.8,1,1,5,257541,223.4,63,257541
44457,133,44457,2.89,4,3,5,11366,133.2,63,11366
153561,257541,257541,1.78,1,4,5,153561,179.7,63,153561
2120,108853,44457,2.09,2,3,5,382440,106.7,63,190319
11366,44457,133,2.18,2,5,5,2948,275.1,63,2948
133,133,44457,0.71,6,5,5,2120,121.3,63,2120
133,44457,11366,1.11,5,4,5,153561,248.0,63,2120
133,44457,133,2.52,2,1,5,257541,191.9,63,257541
190319,257541,133,2.68,3,0,5,108853,254.1,63,108853
190319,190319,108853,2.65,3,2,5,133,284.8,63,382440
2948,11366,11366,2.53,8,0,5,2120,271.2,63,2120
153561,133,11366,0.65,8,2,5,44457,154.0,63,2120
153561,2948,133,2.93,2,1,5,2948,120.6,63,2948
257541,2120,382440,2.48,2,4,5,190319,93.6,63,190319
257541,2948,133,0.61,3,5,5,133,20.4,63,133
44457,153561,44457,2.05,3,5,5,108853,266.6,63,108853
108853,2120,2120,0.54,1,2,5,153561,117.2,63,2948
11366,11366,108853,1.34,1,5,5,133,223.0,63,2948
11366,190319,257541,1.63,2,1,5,2120,180.3,63,133
382440,257541,382440,1.74,5,2,5,11366,251.9,63,11366
382440,108853,257541,2.89,7,5,5,11366,17.7,63,11366
133,44457,108853,0.7,1,1,5,382440,221.3,63,382440
153561,133,2948,0.98,7,5,5,133,205.8,63,133
133,257541,153561,1.19,3,4,5,257541,99.1,63,257541
44457,153561,382440,2.08,6,0,5,2948,50.8,63,2948
11366,11366,44457,1.16,2,0,5,190319,286.4,63,190319
382440,153561,2120,1.57,8,5,5,2120,296.7,63,2120
2120,2120,190319,2.53,8,4,5,11366,237.9,63,11366
133,2948,44457,0.53,2,2,5,108853,263.7,63,108853
153561,11366,257541,0.65,1,5,5,11366,95.5,63,11366
11366,2120,44457,2.52,2,2,5,2948,118.6,63,2948
382440,44457,108853,0.82,1,0,5,2948,293.4,63,2948
108853,108853,153561,1.18,3,1,5,133,99.1,63,133
44457,153561,382440,2.12,1,0,5,153561,279.7,63,153561
108853,382440,11366,1.91,1,0,5,190319,164.7,63,11366
153561,11366,44457,0.96,1,4,5,2948,138.5,63,2948
2948,382440,133,1.81,1,1,5,11366,252.4,63,11366
190319,382440,108853,0.93,2,5,5,11366,219.4,63,11366
153561,153561,257541,1.2,5,5,5,2120,267.3,63,2120
11366,190319,382440,1.57,3,5,5,11366,11.1,63,11366
2120,44457,11366,1.64,3,2,5,108853,181.3,63,11366
153561,108853,2120,2.17,1,3,5,190319,253.7,63,190319
133,382440,108853,0.53,1,4,5,133,65.4,63,133
2120,2948,11366,2.93,6,2,5,133,51.5,63,2120
44457,44457,44457,1.34,2,5,5,382440,133.2,63,382440
2948,11366,2948,1.02,6,4,5,2120,274.3,63,2120
2948,190319,190319,1.08,1,1,5,108853,5.2,63,108853
133,2120,2120,0.81,1,5,5,257541,246.1,63,257541
11366,2120,2948,1.4,3,0,5,190319,131.6,63,190319
257541,382440,382440,1.55,1,0,5,382440,176.5,63,382440
190319,153561,153561,0.69,2,1,5,257541,88.4,63,382440
133,190319,108853,1.92,2,1,5,257541,11.6,63,257541
382440,2948,153561,2.27,3,3,5,2948,231.8,63,2948
133,108853,2120,2.15,3,5,5,153561,259.1,63,153561
190319,190319,108853,1.53,1,2,5,2120,195.5,63,11366
2120,153561,2948,1.13,3,2,5,190319,297.6,63,190319
11366,2948,153561,1.48,2,3,5,133,18.7,63,382440
44457,133,2120,2.72,1,0,5,153561,157.6,63,153561
11366,133,2120,1.27,1,3,5,257541,194.4,63,257541
2948,382440,190319,0.62,1,4,5,382440,189.3,63,382440
44457,44457,133,2.08,3,1,5,133,103.4,63,133
11366,44457,153561,1.79,3,1,5,2948,151.4,63,11366
382440,2120,44457,1.38,2,3,5,257541,118.4,63,11366
2948,108853,133,1.65,2,1,5,382440,112.9,63,382440
44457,382440,382440,1.2,3,3,5,133,176.2,63,11366
382440,2120,108853,2.26,1,3,5,2948,216.6,63,2948
153561,382440,2948,1.79,3,0,5,257541,131.2,63,257541
133,2948,2120,1.66,1,1,5,11366,3.6,63,11366
44457,153561,133,1.49,1,1,5,2120,252.7,63,190319
44457,2120,2120,1.39,3,1,5,190319,17.5,63,190319
257541,11366,2948,1.05,1,5,5,2948,198.6,63,11366
153561,257541,11366,2.72,1,1,5,11366,136.7,63,11366
190319,190319,2948,1.85,7,3,5,382440,59.7,63,382440
190319,133,2948,1.5,5,2,5,44457,243.2,63,2120
11366,190319,153561,2.08,6,2,5,133,225.0,63,133
153561,11366,11366,1.55,2,1,5,2120,231.5,63,382440
44457,190319,257541,2.52,2,4,5,11366,225.4,63,2948
382440,108853,190319,2.03,3,0,5,190319,238.9,63,190319
190319,133,108853,2.21,3,4,5,153561,168.0,63,153561
190319,108853,44457,2.61,2,1,5,257541,87.0,63,257541
382440,382440,257541,2.97,2,1,5,257541,83.1,63,190319
44457,2120,108853,1.8,4,1,5,133,206.1,63,190319
153561,11366,133,1.62,3,4,5,153561,76.2,63,153561
133,108853,382440,0.67,1,2,5,190319,232.0,63,190319
44457,382440,2948,2.87,7,4,5,11366,251.8,63,2948
190319,2948,133,1.94,4,1,5,2120,123.1,63,2120
382440,44457,11366,1.77,1,4,5,11366,114.2,63,11366
257541,153561,153561,0.81,7,5,5,11366,5.2,63,190319
44457,108853,2120,1.17,8,3,5,257541,290.9,63,257541
108853,382440,44457,2.11,2,5,5,133,19.9,63,382440
108853,257541,190319,1.78,6,4,5,2120,243.1,63,2120
133,2948,382440,1.44,1,2,5,133,293.0,63,133
382440,133,108853,1.22,3,4,5,190319,96.1,63,190319
382440,153561,257541,2.44,1,0,5,153561,151.3,63,153561
2948,108853,153561,0.71,1,0,5,153561,194.7,63,153561
44457,2948,382440,0.52,1,2,5,108853,96.5,63,108853
133,153561,2948,0.96,2,0,5,382440,67.1,63,133
2948,108853,257541,1.02,1,5,5,2948,158.4,63,2948
153561,44457,153561,1.57,1,2,5,11366,171.5,63,11366
44457,2948,44457,1.31,3,3,5,11366,152.9,63,11366
153561,44457,2120,0.8,2,0,5,190319,232.9,63,190319
11366,382440,153561,2.25,5,5,5,382440,166.9,63,153561
133,108853,133,1.65,2,0,5,257541,143.0,63,257541
11366,382440,190319,2.26,3,3,5,153561,7.5,63,153561
257541,190319,2948,2.4,7,4,5,2948,31.5,63,2120
257541,133,2120,1.37,1,0,5,2948,241.4,63,2948
11366,2948,382440,1.15,4,0,5,2120,97.1,63,2120
153561,108853,108853,1.2,4,3,5,2948,205.4,63,2948
190319,2120,257541,0.82,3,5,5,2120,231.4,63,11366
133,257541,382440,0.58,5,3,5,153561,234.8,63,2120
44457,44457,44457,1.7,1,1,5,11366,60.4,63,11366
11366,2948,133,1.84,1,0,5,2948,14.6,63,2948
2120,2948,11366,0.82,8,2,5,382440,46.2,63,11366
257541,108853,2948,2.69,1,4,5,11366,283.6,63,11366
257541,153561,2120,2.61,2,2,5,11366,296.7,63,11366
153561,190319,153561,2.14,5,5,5,2948,52.6,63,190319
382440,108853,382440,1.32,3,1,5,11366,161.4,63,11366
382440,108853,11366,1.62,6,5,5,153561,165.6,63,153561
11366,108853,153561,2.44,3,4,5,153561,13.6,63,153561
11366,153561,2948,1.1,6,0,5,257541,269.6,63,108853
133,44457,44457,1.87,8,5,5,133,183.1,63,133
190319,133,133,1.17,1,0,5,153561,100.8,63,2948
257541,190319,133,1.2,8,1,5,382440,22.4,63,382440
2948,2120,133,2.19,3,2,5,11366,64.2,63,11366
190319,2120,11366,0.57,8,2,5,2948,217.3,63,2948
2948,257541,257541,1.94,5,1,5,382440,0.8,63,133
257541,2120,108853,1.22,2,5,5,2948,267.7,63,2948
2120,153561,2120,1.67,1,4,5,153561,222.4,63,153561
257541,257541,108853,2.43,7,5,5,2948,148.4,63,2948
190319,2120,382440,2.06,1,1,5,11366,47.1,63,11366
190319,257541,190319,0.95,7,5,5,190319,32.0,63,190319
2948,2120,2948,1.81,1,4,5,257541,120.9,63,108853
190319,2948,44457,2.88,1,5,5,11366,226.0,63,11366
190319,153561,2948,1.19,1,5,5,153561,113.2,63,153561
257541,257541,108853,2.79,8,3,5,2948,69.6,63,2948
108853,2948,190319,2.69,3,0,5,257541,267.5,63,257541
382440,153561,2120,2.68,1,1,5,382440,68.6,63,133
382440,44457,153561,0.69,1,2,5,11366,251.0,63,11366
382440,2948,133,2.48,1,2,5,2948,219.6,63,2948
153561,11366,153561,1.95,2,3,5,11366,251.6,63,11366
108853,133,11366,0.62,1,1,5,108853,182.1,63,257541
2948,44457,257541,0.91,2,0,5,11366,207.9,63,11366
153561,2948,108853,2.13,4,0,5,382440,102.7,63,382440
257541,153561,2120,0.74,1,0,5,2120,173.9,63,11366
190319,108853,257541,2.68,1,0,5,11366,75.4,63,11366
190319,108853,108853,0.86,1,3,5,257541,32.7,63,257541
2948,2948,133,2.58,6,3,5,2120,93.7,63,2120
2120,2120,153561,0.87,5,3,5,2120,284.9,63,2948
11366,11366,2120,1.49,1,5,5,133,256.8,63,133
257541,257541,190319,0.87,2,3,5,153561,38.6,63,153561
153561,11366,190319,2.98,3,4,5,257541,118.1,63,257541
190319,44457,108853,2.41,1,5,5,257541,204.1,63,257541
133,382440,153561,2.33,1,2,5,108853,233.8,63,108853
190319,11366,2948,1.48,3,0,5,153561,115.3,63,153561
44457,190319,108853,1.18,1,2,5,2948,173.8,63,2948
11366,2120,382440,1.55,2,3,5,108853,49.2,63,108853
153561,133,257541,2.3,1,4,5,11366,247.7,63,11366
190319,2120,108853,1.77,6,5,5,2120,143.3,63,2120
44457,190319,153561,2.63,6,0,5,257541,295.4,63,2948
44457,153561,153561,1.85,3,3,5,108853,195.0,63,108853
2120,11366,257541,0.54,3,0,5,2948,47.8,63,2948
11366,382440,382440,2.37,1,2,5,382440,108.1,63,382440
44457,133,2120,2.95,7,4,5,108853,136.5,63,108853
2948,11366,2120,2.83,5,0,5,153561,112.0,63,190319
108853,382440,257541,2.03,8,4,5,2120,87.1,63,2120
2948,2948,108853,2.33,1,0,5,2120,282.4,63,2948
153561,2948,11366,1.49,2,4,5,190319,113.9,63,190319
257541,11366,190319,1.35,2,0,5,190319,90.3,63,11366
11366,190319,190319,1.19,1,2,5,190319,118.9,63,190319
257541,153561,2948,1.22,1,0,5,153561,109.4,63,153561
153561,2120,382440,0.56,7,4,5,153561,145.0,63,153561
133,11366,153561,0.78,2,4,5,11366,27.2,63,11366
2120,44457,11366,2.68,1,0,5,382440,283.5,63,382440
382440,382440,153561,0.62,3,1,5,11366,206.0,63,11366
11366,108853,108853,1.04,5,2,5,2948,260.6,63,2948
133,133,133,2.26,1,5,5,108853,137.8,63,108853
257541,2120,190319,0.78,3,4,5,108853,77.4,63,108853
2120,44457,190319,2.96,1,5,5,11366,209.6,63,11366
257541,153561,257541,2.77,3,4,5,2120,5.5,63,2948
2120,257541,153561,2.08,1,0,5,382440,166.8,63,382440
2120,2948,382440,0.79,1,0,5,153561,206.6,63,257541
382440,257541,382440,1.22,4,5,5,257541,286.9,63,257541
382440,108853,108853,1.06,7,0,5,2948,277.5,63,2948
257541,153561,2120,2.27,1,0,5,2120,149.2,63,153561
2948,108853,108853,1.72,1,5,5,153561,203.7,63,153561
133,108853,257541,2.76,1,1,5,11366,62.6,63,11366
108853,44457,153561,0.78,5,1,5,2120,193.4,63,2120
382440,133,108853,1.78,5,4,5,190319,200.7,63,190319
2120,11366,382440,2.48,3,4,5,257541,90.3,63,257541
11366,44457,2948,2.24,1,0,5,257541,131.8,63,257541
190319,11366,11366,0.99,8,0,5,133,47.0,63,133
2948,190319,153561,1.8,7,5,5,382440,244.8,63,2120
44457,2120,2948,1.06,1,4,5,2120,145.5,63,11366
190319,11366,382440,1.19,5,0,5,257541,270.2,63,2948
190319,257541,11366,1.82,6,0,5,133,263.1,63,133
133,190319,133,0.52,3,5,5,382440,195.0,63,382440
153561,190319,2948,1.77,6,1,5,2120,35.0,63,2120
44457,382440,108853,2.26,5,3,5,2120,152.2,63,2120
44457,11366,2120,2.95,3,2,5,11366,58.2,63,11366
257541,153561,257541,0.76,1,5,5,190319,247.5,63,11366
382440,153561,11366,2.26,1,0,5,190319,274.7,63,190319
153561,133,190319,2.74,3,0,5,2948,76.6,63,2948
11366,190319,2948,2.29,3,1,5,190319,24.7,63,382440
108853,2948,257541,1.1,4,3,5,2120,160.6,63,2120
108853,382440,257541,0.9,3,1,5,257541,33.3,63,257541
44457,2120,11366,1.79,4,0,5,133,64.5,63,133
2120,257541,190319,2.77,1,2,5,153561,119.6,63,153561
133,44457,108853,2.72,3,3,5,11366,52.1,63,11366
11366,257541,153561,1.01,2,3,5,2948,270.4,63,2948
2120,133,108853,0.88,7,5,5,382440,57.1,63,108853
153561,257541,2120,1.47,3,0,5,153561,121.0,63,153561
190319,108853,44457,1.4,1,0,5,133,27.8,63,11366
2948,2120,382440,2.88,1,5,5,257541,172.2,63,2948
2120,108853,108853,1.7,3,5,5,108853,232.7,63,108853
133,190319,11366,1.32,2,5,5,2948,113.4,63,190319
2948,190319,44457,1.3,3,4,5,11366,198.5,63,11366
257541,133,133,0.58,3,0,5,44457,50.8,63,11366
44457,44457,257541,0.81,3,3,5,382440,271.2,63,382440
108853,11366,2948,2.0,7,3,5,108853,158.7,63,108853
190319,133,108853,1.52,1,4,5,108853,230.5,63,108853
11366,257541,382440,0.99,5,1,5,11366,291.8,63,11366
190319,190319,133,0.85,6,2,5,2948,249.9,63,2948
382440,11366,190319,2.1,3,2,5,11366,187.1,63,11366
44457,108853,257541,1.79,1,2,5,382440,0.6,63,382440
382440,190319,133,0.9,1,3,5,190319,32.9,63,190319
190319,190319,2120,1.45,1,3,5,257541,223.6,63,257541
382440,2948,133,0.62,1,1,5,11366,128.3,63,11366
2948,44457,44457,0.66,2,4,5,11366,258.5,63,133
133,133,153561,2.28,3,0,5,133,237.3,63,133
2948,11366,133,2.29,1,2,5,382440,296.3,63,382440
11366,11366,2120,2.92,8,5,5,257541,152.1,63,257541
190319,257541,44457,1.43,1,0,5,257541,3.3,63,2948
2120,108853,133,0.63,7,5,5,133,222.7,63,2120
382440,190319,108853,2.34,3,0,5,257541,93.9,63,257541
190319,153561,2120,2.32,7,1,5,257541,77.8,63,257541
133,153561,2948,0.58,6,2,5,153561,83.9,63,153561
133,133,257541,0.56,1,4,5,2948,71.7,63,2948
2120,382440,44457,1.74,1,3,5,2948,122.8,63,2948
190319,153561,133,1.7,1,0,5,382440,161.9,63,382440
108853,190319,382440,2.06,1,4,5,382440,299.7,63,190319
133,108853,190319,2.18,6,2,5,190319,247.0,63,190319
2120,11366,382440,1.06,3,4,5,133,17.0,63,133
44457,133,11366,2.57,3,5,5,11366,202.1,63,11366
190319,190319,133,2.34,2,5,5,108853,198.4,63,108853
11366,382440,382440,2.51,1,5,5,153561,228.8,63,153561
108853,382440,382440,1.5,1,0,5,2120,126.2,63,133
11366,44457,133,1.78,8,1,5,133,286.2,63,190319
2948,2120,2120,0.58,1,4,5,153561,45.4,63,153561
108853,2120,382440,2.96,8,0,5,190319,123.8,63,11366
2120,153561,2120,2.96,1,5,5,153561,12.7,63,108853
190319,153561,2120,0.97,2,4,5,153561,153.9,63,153561
2948,190319,190319,1.38,1,2,5,2120,199.1,63,257541
257541,108853,2948,1.59,1,0,5,11366,75.4,63,11366
108853,2948,2948,2.08,3,3,5,382440,72.1,63,382440
257541,153561,153561,1.69,1,5,5,11366,149.9,63,11366
2948,257541,190319,2.73,1,2,5,190319,250.4,63,382440
108853,382440,190319,2.24,3,0,5,11366,120.4,63,11366
190319,190319,2120,0.93,1,5,5,2948,68.7,63,2948
133,11366,190319,2.85,2,1,5,257541,55.5,63,257541
153561,153561,133,1.39,8,4,5,2120,70.1,63,2120
382440,11366,2120,2.0,1,3,5,11366,79.0,63,11366
2948,108853,2120,0.56,7,5,5,11366,45.4,63,11366
11366,11366,133,1.15,3,2,5,133,62.6,63,133
44457,11366,382440,2.24,2,0,5,133,275.3,63,2948
2948,44457,257541,1.16,1,2,5,108853,183.6,63,190319
44457,11366,257541,1.4,7,4,5,108853,217.3,63,108853
190319,44457,382440,2.48,5,4,5,11366,194.5,63,11366
133,133,257541,2.53,2,1,5,382440,61.2,63,382440
44457,108853,190319,0.81,4,2,5,11366,6.5,63,11366
108853,257541,108853,1.61,4,4,5,2120,231.5,63,2120
382440,44457,44457,2.53,1,5,5,382440,8.6,63,382440
153561,2120,190319,1.8,3,3,5,2120,214.3,63,153561
133,382440,153561,2.09,4,1,5,153561,121.3,63,2120
133,190319,133,1.18,1,2,5,2948,280.2,63,382440
257541,11366,382440,1.36,3,5,5,11366,31.8,63,11366
257541,44457,44457,2.13,5,0,5,153561,72.8,63,153561
108853,382440,382440,1.75,5,1,5,2120,179.3,63,11366
153561,108853,11366,2.49,2,0,5,153561,29.6,63,153561
108853,153561,2120,1.45,1,4,5,382440,148.8,63,382440
382440,2120,2948,0.72,3,4,5,108853,99.6,63,108853
44457,153561,44457,1.38,1,5,5,190319,225.2,63,190319
190319,133,153561,2.87,2,3,5,190319,154.7,63,190319
153561,2948,257541,1.12,2,3,5,153561,21.5,63,382440
382440,190319,257541,2.84,2,5,5,108853,146.4,63,108853
44457,2948,382440,1.31,8,4,5,108853,267.7,63,108853
11366,108853,2948,1.61,8,4,5,2120,257.0,63,2120
190319,11366,257541,0.86,2,3,5,190319,91.8,63,11366
190319,11366,108853,2.0,1,0,5,2948,121.0,63,2948
2120,108853,153561,1.21,8,4,5,2120,227.6,63,2120
257541,108853,133,2.9,1,2,5,11366,34.1,63,11366
2120,44457,2948,2.81,2,4,5,133,111.7,63,2948
133,153561,2948,2.59,3,2,5,2948,131.5,63,2948
153561,11366,257541,1.81,1,1,5,108853,240.3,63,2948
44457,44457,2948,1.79,6,4,5,2948,65.5,63,2948
257541,190319,108853,1.71,6,2,5,2120,58.5,63,2120
2120,108853,190319,0.53,3,0,5,153561,140.3,63,190319
190319,44457,133,1.35,1,3,5,257541,27.3,63,257541
108853,2120,382440,1.82,8,1,5,2120,219.8,63,2120
2948,382440,190319,2.09,6,4,5,133,148.5,63,133
153561,382440,190319,2.11,8,4,5,2120,68.2,63,2120
382440,44457,2120,2.46,1,1,5,2120,152.3,63,2948
108853,108853,153561,2.54,1,2,5,11366,177.6,63,11366
257541,11366,382440,2.68,8,5,5,11366,217.9,63,257541
2948,153561,108853,0.79,1,3,5,257541,119.1,63,2948
153561,108853,44457,2.28,4,3,5,190319,73.2,63,190319
2120,153561,190319,2.23,3,2,5,44457,36.0,63,382440
190319,2948,11366,1.38,1,1,5,133,76.6,63,133
190319,133,2948,2.2,1,0,5,2120,136.4,63,11366
257541,108853,11366,2.64,1,2,5,153561,267.5,63,133
108853,190319,44457,2.7,1,3,5,2948,260.9,63,2948
153561,382440,153561,1.33,8,5,5,2120,103.9,63,2120
133,153561,190319,1.74,3,2,5,153561,188.4,63,153561
44457,44457,257541,2.97,1,1,5,133,271.5,63,2948
153561,133,2120,0.67,7,1,5,153561,127.5,63,153561
257541,44457,153561,1.65,2,0,5,382440,112.5,63,2948
2120,382440,2948,2.42,1,3,5,108853,154.1,63,108853
11366,153561,108853,2.98,3,1,5,2948,206.8,63,2948
2948,2120,11366,1.31,1,1,5,2120,70.3,63,133
133,2120,382440,2.04,2,3,5,2948,164.1,63,153561
382440,382440,257541,1.0,1,4,5,153561,180.1,63,153561
153561,133,190319,0.84,7,1,5,2120,120.1,63,2120
2948,11366,190319,1.77,5,3,5,2120,76.1,63,2120
2948,2120,133,1.9,5,0,5,133,161.6,63,2120
382440,2120,190319,2.04,7,4,5,11366,118.8,63,11366
44457,108853,153561,0.55,1,0,5,257541,207.7,63,257541
108853,133,190319,2.29,6,0,5,2120,193.8,63,2120
382440,44457,190319,1.11,1,2,5,153561,56.7,63,382440
2120,133,11366,0.9,3,4,5,2948,165.9,63,2948
108853,153561,108853,2.35,1,2,5,257541,77.3,63,2948
257541,2120,133,0.98,1,3,5,382440,170.0,63,382440
108853,190319,108853,1.39,2,3,5,382440,247.8,63,108853
133,2120,133,1.57,3,4,5,133,228.3,63,133
2948,108853,108853,0.89,1,3,5,153561,229.2,63,11366
11366,133,257541,1.71,3,1,5,2948,157.4,63,2948
11366,153561,2120,2.48,1,2,5,153561,271.6,63,153561
108853,11366,2948,2.53,5,1,5,153561,47.8,63,153561
44457,133,190319,2.04,6,1,5,257541,249.9,63,257541
382440,133,11366,2.78,1,1,5,108853,67.2,63,108853
257541,108853,2120,1.02,6,5,5,108853,149.7,63,108853
190319,108853,382440,2.54,6,4,5,190319,213.4,63,190319
190319,2120,382440,0.82,3,0,5,2948,264.6,63,2948
2948,257541,11366,2.1,1,4,5,11366,294.1,63,11366
190319,11366,2948,2.73,6,0,5,108853,268.6,63,108853
153561,2948,2948,0.55,2,4,5,11366,110.9,63,11366
153561,11366,2120,2.43,3,4,5,153561,127.5,63,2948
11366,2948,11366,1.67,4,0,5,190319,124.8,63,190319
108853,382440,153561,1.45,3,3,5,11366,41.5,63,11366
153561,108853,44457,2.11,2,2,5,190319,50.8,63,190319
382440,44457,11366,1.79,2,5,5,2948,287.0,63,11366
190319,11366,108853,1.52,1,2,5,11366,298.9,63,11366
382440,382440,190319,0.52,8,1,5,11366,215.8,63,11366
133,257541,133,2.12,8,2,5,2120,27.3,63,2120
2948,190319,11366,2.95,1,1,5,382440,32.1,63,382440
2948,257541,257541,2.16,1,4,5,257541,266.8,63,257541
11366,11366,133,1.9,1,0,5,2948,282.5,63,2948
257541,11366,133,1.05,1,2,5,11366,277.9,63,11366
190319,11366,2120,2.16,1,1,5,2948,56.2,63,2948
382440,108853,153561,0.8,8,4,5,11366,129.7,63,11366
2948,133,2120,2.05,1,4,5,382440,83.4,63,382440
2948,382440,2120,2.18,1,2,5,257541,268.7,63,257541
133,382440,2120,2.84,1,1,5,108853,212.4,63,108853
190319,2948,133,0.83,1,4,5,153561,57.4,63,153561
2948,257541,382440,1.76,1,5,5,133,132.1,63,382440
153561,44457,44457,1.24,1,1,5,108853,280.6,63,108853
108853,153561,11366,2.26,5,0,5,257541,174.0,63,257541
2948,257541,11366,2.33,4,1,5,257541,258.7,63,257541
2948,153561,2948,2.37,1,4,5,11366,31.7,63,190319
2948,153561,133,0.8,2,0,5,190319,256.9,63,190319
108853,133,153561,2.57,7,2,5,190319,266.7,63,190319
11366,11366,382440,1.36,2,3,5,190319,294.2,63,190319
257541,257541,2120,0.94,8,1,5,108853,221.9,63,108853
190319,2948,11366,1.41,2,5,5,382440,205.9,63,382440
108853,133,153561,2.43,6,0,5,153561,124.4,63,153561
11366,257541,257541,2.74,2,2,5,153561,148.2,63,153561
2120,2948,133,1.97,3,1,5,11366,51.4,63,11366
44457,44457,153561,1.07,4,0,5,44457,177.6,63,2120
153561,257541,11366,2.35,1,4,5,11366,164.2,63,153561
2120,2948,2948,2.1,7,0,5,190319,26.2,63,190319
108853,2120,257541,1.13,1,2,5,382440,261.0,63,382440
11366,2120,108853,1.96,3,0,5,11366,116.4,63,11366
11366,133,153561,1.68,4,5,5,190319,54.0,63,190319
11366,2120,257541,0.58,6,5,5,2948,2.9,63,2948
153561,382440,190319,0.8,1,0,5,108853,114.2,63,108853
133,44457,44457,2.25,1,0,5,2948,283.1,63,2948
153561,133,2948,1.92,1,3,5,108853,95.1,63,11366
382440,108853,190319,2.24,8,1,5,133,4.8,63,2948
190319,190319,257541,2.74,1,4,5,108853,205.9,63,108853
257541,190319,2120,0.79,1,4,5,108853,91.0,63,108853
2948,153561,44457,1.6,1,5,5,382440,200.2,63,382440
2120,44457,11366,2.75,6,4,5,108853,297.9,63,108853
190319,2948,133,1.1,7,4,5,108853,5.1,63,108853
2948,190319,190319,1.76,1,5,5,2948,293.3,63,2948
382440,153561,11366,0.58,6,0,5,11366,127.8,63,11366
11366,11366,2948,1.86,1,0,5,2948,245.5,63,2948
108853,2120,11366,1.62,3,1,5,2948,197.4,63,2948
2120,190319,44457,2.71,3,0,5,108853,213.5,63,108853
382440,2120,44457,2.81,2,1,5,108853,98.7,63,108853
11366,257541,44457,1.07,1,3,5,153561,79.8,63,133
44457,257541,2120,0.58,2,4,5,11366,14.1,63,11366
133,108853,44457,2.5,1,5,5,2948,243.8,63,2948
44457,44457,190319,2.89,4,5,5,2120,244.9,63,2120
133,2948,133,2.46,6,5,5,153561,83.9,63,153561
11366,108853,190319,1.66,8,5,5,2120,135.2,63,2120
133,11366,133,1.15,8,0,5,108853,114.0,63,108853
2948,257541,108853,2.19,2,3,5,133,245.0,63,133
108853,190319,153561,0.77,4,0,5,2120,60.4,63,2120
382440,108853,257541,1.52,1,5,5,11366,51.9,63,11366
382440,11366,153561,2.63,1,0,5,382440,227.9,63,382440
11366,382440,133,1.55,2,1,5,2948,217.2,63,2948
382440,382440,108853,2.45,1,3,5,2948,100.5,63,2948
11366,257541,190319,2.52,2,4,5,190319,39.6,63,190319
153561,108853,153561,0.92,1,4,5,382440,44.0,63,382440
11366,257541,2948,1.25,6,0,5,133,178.2,63,382440
108853,44457,382440,2.8,3,1,5,133,0.9,63,133
11366,2948,133,1.32,1,5,5,382440,56.3,63,2948
108853,153561,257541,2.91,4,3,5,11366,286.1,63,2120
44457,2948,2120,0.66,8,1,5,2948,166.0,63,2948
153561,44457,44457,2.89,7,5,5,382440,151.3,63,382440
153561,257541,153561,1.7,1,2,5,2948,87.4,63,257541
44457,44457,2120,2.04,8,4,5,108853,5.3,63,108853
153561,382440,257541,1.93,2,5,5,11366,57.3,63,11366
11366,108853,11366,0.98,3,2,5,2948,196.7,63,2948
44457,44457,2120,2.63,2,2,5,2948,18.3,63,2948
2120,382440,11366,1.41,1,1,5,2948,24.5,63,108853
190319,2948,44457,2.57,2,0,5,11366,75.0,63,11366
153561,11366,133,0.52,1,5,5,382440,168.2,63,382440
153561,257541,2120,2.43,1,1,5,108853,282.6,63,153561
153561,11366,11366,0.55,1,4,5,11366,236.2,63,11366
11366,133,257541,0.91,3,3,5,11366,123.2,63,11366
2948,2120,382440,1.16,1,2,5,11366,220.0,63,11366
382440,190319,257541,1.15,7,0,5,133,273.9,63,133
257541,153561,190319,0.65,6,3,5,11366,235.3,63,2120
11366,257541,133,2.66,2,3,5,133,228.3,63,133
382440,133,11366,0.61,2,1,5,11366,69.7,63,133
382440,2120,2120,2.05,1,3,5,133,256.4,63,133
44457,190319,2948,2.9,2,2,5,108853,176.4,63,108853
44457,2120,2120,0.72,1,1,5,190319,268.8,63,190319
11366,153561,108853,1.7,1,0,5,2948,20.6,63,2948
11366,133,2120,1.02,8,5,5,11366,51.0,63,11366
153561,153561,2948,2.68,2,1,5,2948,290.0,63,108853
382440,133,2948,2.06,3,5,5,2948,118.3,63,2948
2120,11366,44457,2.47,4,1,5,11366,259.7,63,2948
11366,108853,153561,2.02,6,3,5,2120,154.4,63,2120
153561,11366,382440,2.59,1,1,5,153561,3.5,63,153561
153561,2948,190319,1.49,1,3,5,257541,71.2,63,257541
11366,153561,11366,2.01,4,0,5,2948,216.8,63,2948
382440,257541,108853,0.82,6,3,5,257541,244.5,63,257541
257541,190319,153561,2.32,5,5,5,133,197.7,63,133
190319,382440,108853,1.58,2,3,5,11366,31.6,63,11366
108853,44457,257541,1.57,3,0,5,382440,53.1,63,382440
2948,382440,133,0.66,1,1,5,190319,197.8,63,11366
190319,190319,44457,2.57,3,3,5,153561,226.3,63,153561
133,153561,2948,1.2,1,5,5,382440,83.9,63,190319
11366,190319,382440,2.94,1,5,5,2948,32.1,63,2948
11366,108853,108853,2.69,2,0,5,11366,119.7,63,11366
153561,2948,190319,2.35,4,2,5,382440,283.8,63,382440
257541,133,382440,0.97,1,0,5,2948,31.9,63,2948
382440,2948,133,1.53,1,1,5,2948,175.7,63,2948
257541,108853,133,1.99,5,2,5,2948,148.1,63,2948
11366,257541,108853,2.92,8,3,5,2120,53.3,63,2120
11366,257541,153561,1.52,7,5,5,2120,125.7,63,2120
108853,382440,190319,0.71,1,2,5,133,70.8,63,2948
108853,257541,11366,2.67,3,4,5,190319,245.5,63,190319
44457,11366,2948,2.57,1,4,5,153561,138.0,63,153561
2948,153561,382440,2.0,8,5,5,2120,246.4,63,2120
2120,11366,133,1.65,3,3,5,190319,125.1,63,11366
190319,2120,2120,2.9,8,0,5,11366,133.9,63,11366
382440,382440,11366,2.85,5,2,5,2948,2.7,63,108853
2948,153561,190319,1.05,1,4,5,257541,71.7,63,257541
133,44457,190319,2.99,2,4,5,108853,55.1,63,108853
108853,11366,382440,2.21,6,1,5,382440,20.5,63,382440
257541,133,2948,0.56,3,5,5,2948,36.3,63,2948
190319,382440,2120,2.58,8,3,5,11366,214.0,63,11366
11366,382440,257541,1.35,6,1,5,108853,107.1,63,108853
2948,2120,11366,2.38,7,3,5,11366,119.8,63,2120
382440,153561,153561,1.39,1,4,5,153561,215.7,63,153561
108853,153561,257541,1.66,1,2,5,257541,227.9,63,257541
108853,2120,44457,1.29,3,1,5,382440,85.5,63,153561
108853,257541,190319,1.25,1,0,5,190319,179.2,63,190319
2120,153561,133,2.19,4,0,5,44457,74.3,63,2948
11366,257541,2120,1.86,8,4,5,2120,10.9,63,2120
257541,190319,382440,1.54,2,1,5,11366,257.3,63,11366
257541,190319,133,2.59,3,3,5,108853,103.4,63,108853
382440,108853,257541,2.93,3,0,5,2120,188.4,63,190319
44457,2120,2120,0.88,3,2,5,108853,113.0,63,382440
133,257541,2120,2.8,1,1,5,108853,51.4,63,108853
133,11366,382440,2.35,4,0,5,2120,35.6,63,2120
133,2120,108853,1.3,1,1,5,2948,29.7,63,257541
382440,108853,2948,2.93,4,3,5,11366,45.5,63,11366
153561,2120,2120,2.65,3,4,5,382440,164.8,63,382440
133,2948,382440,0.71,1,3,5,133,257.8,63,108853
44457,153561,257541,1.78,1,2,5,11366,218.9,63,11366
257541,190319,382440,2.53,1,4,5,108853,30.1,63,108853
44457,190319,44457,1.54,1,5,5,133,43.7,63,133
190319,153561,133,1.73,4,4,5,257541,253.0,63,257541
11366,108853,153561,1.72,1,2,5,11366,16.9,63,11366
44457,190319,11366,2.08,8,1,5,2948,280.1,63,2948
153561,153561,153561,1.1,1,2,5,190319,77.4,63,190319
108853,190319,2120,1.95,6,0,5,153561,47.3,63,153561
153561,190319,108853,0.87,2,2,5,11366,245.9,63,11366
2948,108853,133,1.31,3,3,5,2948,99.9,63,2948
2120,108853,44457,0.95,1,4,5,257541,129.8,63,257541
2948,153561,153561,1.08,5,1,5,2120,80.6,63,133
190319,190319,2948,0.99,1,0,5,190319,215.8,63,190319
133,2948,44457,2.49,1,0,5,257541,22.2,63,382440
153561,44457,257541,1.11,1,4,5,190319,276.5,63,190319
153561,257541,190319,0.88,1,4,5,2948,113.2,63,2948
44457,133,153561,0.59,1,5,5,108853,188.7,63,108853
257541,257541,2948,2.21,6,2,5,2120,227.7,63,2120
133,190319,257541,2.67,8,3,5,190319,135.1,63,190319
257541,382440,108853,1.29,2,4,5,11366,129.9,63,11366
257541,2120,108853,2.62,3,4,5,108853,265.6,63,108853
2120,133,44457,0.55,1,5,5,2948,274.8,63,11366
108853,153561,257541,1.98,2,3,5,108853,26.7,63,108853
153561,257541,190319,1.52,1,5,5,2948,37.0,63,2948
2948,11366,190319,1.95,3,1,5,11366,187.4,63,190319
190319,11366,2948,0.83,5,4,5,133,164.1,63,133
133,382440,2120,2.89,3,1,5,2948,166.6,63,2948
11366,44457,190319,2.15,5,0,5,11366,142.0,63,2120
108853,133,44457,2.77,8,5,5,153561,285.6,63,153561
2120,133,108853,1.89,4,1,5,190319,179.6,63,153561
108853,2948,2948,1.36,2,3,5,2948,86.8,63,2948
2948,190319,2120,0.79,1,0,5,2948,145.9,63,2948
153561,44457,11366,1.59,2,1,5,44457,298.2,63,257541
11366,153561,108853,2.26,2,3,5,11366,245.4,63,11366
108853,108853,190319,0.64,4,0,5,2120,249.1,63,2120
2120,257541,190319,2.92,3,0,5,2948,17.6,63,2948
133,257541,44457,1.39,3,4,5,11366,120.1,63,11366
382440,11366,133,1.31,1,4,5,2120,247.0,63,108853
2120,44457,153561,2.08,1,2,5,382440,173.8,63,382440
133,44457,11366,1.01,2,1,5,382440,158.9,63,382440
382440,2948,153561,2.56,3,2,5,2948,153.3,63,2948
153561,190319,257541,0.55,1,0,5,2948,0.7,63,2948
108853,44457,153561,2.21,2,3,5,190319,29.3,63,108853
2948,44457,44457,2.99,1,1,5,108853,26.8,63,108853
44457,153561,44457,1.5,1,4,5,2948,234.7,63,2948
153561,44457,2948,0.57,1,1,5,2948,139.3,63,2948
44457,44457,133,0.92,7,5,5,153561,187.2,63,153561
2120,44457,108853,2.78,1,4,5,11366,15.7,63,11366
108853,11366,108853,2.42,5,1,5,44457,181.6,63,153561
2120,153561,133,0.51,1,1,5,11366,134.4,63,11366
2948,2120,2120,2.17,3,5,5,2120,16.7,63,257541
133,133,190319,0.95,1,0,5,11366,26.5,63,2948
108853,190319,44457,2.65,1,2,5,133,181.4,63,133
2948,2948,2948,0.88,1,1,5,11366,251.2,63,11366
11366,257541,2948,2.17,2,1,5,11366,150.8,63,382440
133,11366,108853,1.43,1,5,5,11366,105.2,63,11366
133,257541,153561,1.36,1,0,5,2948,277.6,63,108853
382440,11366,2948,2.59,3,3,5,2120,290.1,63,153561
133,108853,133,2.31,3,5,5,11366,231.0,63,11366
257541,108853,153561,0.96,2,5,5,44457,91.5,63,133
2120,11366,133,2.19,3,5,5,11366,229.5,63,2948
257541,190319,190319,2.22,2,2,5,11366,284.1,63,11366
153561,2120,133,2.73,3,4,5,153561,258.1,63,11366
190319,2120,257541,2.66,3,0,5,11366,47.3,63,11366
257541,190319,257541,2.32,1,2,5,108853,266.3,63,108853
11366,153561,190319,1.6,1,1,5,11366,202.3,63,11366
190319,190319,11366,1.9,3,3,5,257541,251.7,63,257541
190319,133,257541,2.67,6,1,5,11366,37.2,63,11366
2948,11366,382440,1.12,7,0,5,2948,215.4,63,2948
11366,133,108853,1.1,2,4,5,382440,247.1,63,382440
133,44457,108853,0.57,3,5,5,108853,275.7,63,190319
133,2120,11366,2.26,1,1,5,108853,240.9,63,108853
133,108853,190319,1.39,5,2,5,257541,86.0,63,11366
153561,382440,11366,1.55,3,5,5,2948,195.3,63,2948
44457,190319,153561,1.57,3,1,5,2948,132.9,63,2948
2120,190319,11366,2.6,2,5,5,11366,296.1,63,11366
2120,2948,108853,2.44,1,3,5,190319,121.7,63,190319
133,11366,44457,2.69,2,4,5,11366,1.7,63,2948
133,44457,190319,1.12,1,4,5,153561,229.8,63,153561
11366,190319,2120,1.9,6,1,5,2120,232.5,63,2120
44457,44457,133,2.33,1,1,5,2120,257.7,63,108853
2948,153561,133,2.1,1,2,5,382440,74.6,63,382440
11366,11366,153561,1.08,1,4,5,11366,235.1,63,11366
382440,382440,2120,1.34,3,2,5,190319,111.1,63,190319
153561,11366,153561,1.27,3,3,5,190319,295.3,63,190319
382440,2120,11366,1.62,3,1,5,257541,203.3,63,257541
382440,11366,2948,2.31,6,5,5,382440,174.8,63,382440
153561,382440,44457,1.63,1,2,5,2948,29.3,63,2948
2948,133,2120,2.62,8,4,5,44457,267.6,63,2120
190319,133,153561,1.33,3,0,5,133,290.6,63,153561
133,11366,153561,2.38,1,0,5,11366,224.5,63,11366
2120,257541,2948,2.82,1,4,5,108853,264.4,63,108853
108853,2120,11366,2.35,2,3,5,133,126.3,63,133
11366,2120,11366,2.88,2,2,5,382440,123.1,63,153561
11366,2120,2948,1.14,3,2,5,44457,58.4,63,133
382440,257541,153561,0.81,2,0,5,2948,61.8,63,2948
108853,108853,133,2.49,8,4,5,2120,284.0,63,2120
153561,108853,44457,2.62,6,0,5,382440,85.1,63,382440
2948,153561,2948,2.96,1,3,5,153561,12.3,63,190319
190319,44457,190319,1.92,3,0,5,133,156.4,63,382440
2120,108853,382440,1.42,8,3,5,2948,4.5,63,2948
133,382440,44457,1.09,1,3,5,11366,17.3,63,11366
133,11366,11366,2.46,8,3,5,190319,117.8,63,11366
11366,108853,153561,1.99,1,5,5,108853,222.8,63,108853
44457,190319,190319,2.67,4,5,5,2120,33.0,63,2120
257541,257541,190319,1.49,1,0,5,133,21.5,63,133
2120,133,133,0.89,3,4,5,153561,279.3,63,153561
153561,382440,11366,1.46,2,2,5,190319,115.0,63,190319
11366,133,2120,0.54,6,0,5,190319,215.7,63,2120
153561,11366,11366,0.78,6,4,5,190319,168.0,63,2948
257541,153561,190319,2.39,4,0,5,257541,287.2,63,257541
2120,190319,153561,2.53,3,4,5,2948,257.4,63,2948
190319,257541,2120,1.96,5,2,5,257541,204.0,63,2948
2948,382440,382440,0.6,6,2,5,11366,187.5,63,11366
382440,382440,382440,1.6,1,4,5,2120,213.1,63,257541
108853,190319,190319,1.36,1,5,5,153561,212.3,63,153561
2120,382440,382440,3.0,5,1,5,11366,131.7,63,11366
44457,44457,44457,1.01,2,0,5,108853,78.4,63,108853
108853,2120,108853,0.53,1,0,5,2948,123.7,63,2948
108853,11366,153561,0.94,1,3,5,382440,84.2,63,382440
2120,153561,11366,0.91,2,5,5,190319,28.7,63,190319
108853,382440,133,0.71,1,3,5,108853,234.6,63,108853
153561,257541,108853,2.33,4,2,5,257541,152.3,63,257541
108853,11366,11366,1.12,2,4,5,108853,146.0,63,108853
11366,190319,153561,2.6,4,1,5,133,30.0,63,133
133,190319,257541,2.39,8,3,5,2948,61.7,63,2948
153561,133,44457,1.89,1,4,5,2948,179.8,63,2948
2120,190319,257541,0.98,5,3,5,257541,211.4,63,257541
11366,44457,382440,0.87,2,2,5,190319,61.9,63,190319
190319,108853,382440,1.85,2,0,5,153561,43.4,63,153561
190319,190319,44457,1.93,1,0,5,11366,129.5,63,11366
382440,153561,2120,2.56,1,3,5,133,273.6,63,2948
2948,2948,108853,2.8,2,5,5,11366,28.8,63,11366
11366,257541,44457,0.51,1,5,5,257541,245.3,63,108853
382440,190319,108853,1.11,1,4,5,11366,235.9,63,11366
382440,153561,44457,1.01,4,0,5,133,48.8,63,133
2948,257541,2120,2.4,2,1,5,190319,22.9,63,382440
2120,382440,190319,0.53,1,1,5,257541,225.0,63,257541
108853,11366,190319,0.91,1,0,5,44457,269.7,63,2948
190319,2120,2948,1.21,1,5,5,2948,252.5,63,2948
11366,11366,2948,1.27,2,4,5,11366,299.7,63,11366
108853,2948,257541,1.49,2,0,5,190319,110.8,63,190319
2120,108853,190319,2.46,1,1,5,190319,2.0,63,257541
382440,190319,44457,3.0,4,4,5,133,241.9,63,382440
44457,2948,133,1.97,3,0,5,108853,45.0,63,108853
2948,2120,133,0.6,8,0,5,190319,185.9,63,190319
133,382440,153561,1.85,1,4,5,108853,45.3,63,108853
257541,133,153561,1.6,7,3,5,11366,9.6,63,11366
153561,382440,108853,0.93,3,3,5,2948,274.0,63,2948
44457,44457,190319,1.13,3,4,5,257541,164.3,63,257541
2120,190319,190319,1.21,1,0,5,257541,96.8,63,257541
257541,11366,2948,0.96,6,5,5,2120,34.9,63,2120
257541,190319,133,2.97,1,5,5,44457,223.6,63,257541
257541,382440,2120,1.45,1,1,5,108853,53.4,63,2948
153561,190319,153561,1.33,2,4,5,108853,159.0,63,108853
190319,108853,11366,2.64,4,5,5,382440,21.9,63,190319
257541,2120,44457,2.38,1,1,5,153561,288.0,63,153561
11366,382440,108853,1.87,3,5,5,11366,117.5,63,11366
190319,44457,11366,1.84,6,2,5,11366,263.1,63,11366
153561,2948,257541,1.08,2,4,5,108853,15.9,63,108853
257541,11366,133,1.99,2,2,5,190319,74.0,63,190319
257541,44457,2120,2.88,1,2,5,2948,222.7,63,2948
11366,257541,2948,0.64,1,5,5,133,46.6,63,133
382440,44457,11366,1.37,7,5,5,257541,33.8,63,2120
257541,44457,2120,2.71,3,5,5,2948,120.6,63,2948
11366,44457,190319,2.74,7,1,5,2948,207.3,63,2948
108853,133,2120,2.67,1,4,5,382440,211.5,63,382440
108853,2948,153561,0.71,8,5,5,2120,100.5,63,2120
153561,190319,257541,2.77,2,0,5,153561,147.3,63,153561
11366,382440,2120,0.55,7,5,5,153561,246.1,63,153561
257541,11366,257541,1.37,1,2,5,108853,275.5,63,108853
108853,44457,153561,0.68,5,2,5,2948,110.8,63,2948
2120,44457,2948,1.24,3,0,5,11366,105.9,63,11366
108853,257541,133,0.52,5,4,5,153561,91.1,63,11366
2948,257541,153561,1.73,5,3,5,2120,211.7,63,2120
382440,190319,190319,1.51,3,0,5,190319,79.4,63,190319
153561,2948,44457,2.41,1,1,5,2120,212.8,63,11366
190319,190319,44457,1.53,2,3,5,2948,192.9,63,2948
153561,2120,2120,2.55,1,0,5,2948,241.8,63,2948
382440,108853,44457,1.51,3,4,5,133,166.7,63,11366
190319,44457,153561,1.79,1,5,5,2948,169.0,63,2948
11366,190319,133,1.67,1,0,5,153561,156.3,63,153561
44457,133,11366,1.4,1,5,5,108853,267.9,63,108853
108853,257541,108853,1.13,3,4,5,108853,107.2,63,108853
133,382440,133,1.17,3,1,5,2948,211.2,63,2948
108853,2120,11366,1.44,1,4,5,382440,290.0,63,382440
11366,11366,153561,1.02,6,5,5,382440,149.3,63,108853
190319,133,2120,1.96,1,4,5,44457,70.9,63,153561
257541,11366,257541,2.25,2,1,5,2948,188.5,63,2948
2120,108853,382440,1.39,2,1,5,108853,212.5,63,257541
44457,190319,257541,2.69,7,0,5,11366,111.7,63,11366
133,108853,190319,1.06,4,1,5,108853,234.3,63,108853
133,2948,11366,0.62,8,4,5,382440,37.2,63,382440
2948,108853,108853,1.99,3,0,5,133,249.1,63,133
2948,2948,11366,0.66,3,1,5,2948,277.6,63,190319
382440,108853,11366,0.77,1,4,5,108853,245.4,63,133
190319,153561,44457,2.23,1,1,5,2948,242.3,63,2948
257541,2120,2948,1.36,1,4,5,11366,226.4,63,11366
382440,190319,108853,1.12,3,1,5,153561,192.9,63,153561
2120,108853,2948,2.61,3,3,5,2948,20.3,63,2948
382440,2948,190319,1.18,1,5,5,11366,74.9,63,11366
11366,133,11366,1.58,7,1,5,11366,190.4,63,11366
133,133,190319,0.76,1,3,5,190319,1.3,63,190319
2120,2120,2120,2.82,2,3,5,44457,103.5,63,2948
44457,2120,133,0.88,1,4,5,2948,233.9,63,2948
153561,153561,11366,2.42,1,2,5,133,47.1,63,133
190319,2948,108853,2.22,8,3,5,382440,136.0,63,11366
382440,44457,108853,0.82,2,3,5,2948,45.4,63,2948
133,44457,108853,0.83,8,1,5,153561,189.8,63,108853
2120,2948,257541,2.45,1,4,5,153561,111.6,63,2948
44457,11366,11366,1.83,1,1,5,190319,100.2,63,190319
153561,2120,153561,2.81,1,4,5,2948,179.5,63,108853
382440,190319,2120,2.02,2,3,5,11366,269.0,63,11366
190319,2948,44457,1.08,3,3,5,153561,15.0,63,153561
153561,257541,2948,2.7,1,3,5,382440,99.9,63,382440
11366,11366,108853,2.13,3,1,5,2948,173.0,63,2948
382440,190319,44457,1.38,2,5,5,153561,149.9,63,153561
190319,153561,44457,2.48,1,5,5,257541,197.8,63,257541
2948,382440,2948,2.78,2,5,5,190319,175.4,63,190319
2120,11366,133,2.29,2,3,5,382440,279.3,63,382440
133,133,11366,1.15,4,3,5,257541,280.2,63,257541
108853,44457,257541,0.76,1,2,5,11366,291.0,63,11366
190319,257541,190319,0.96,8,2,5,2120,192.3,63,2120
190319,133,108853,2.78,3,2,5,190319,35.1,63,190319
153561,44457,2948,0.62,3,1,5,190319,221.8,63,190319
382440,2120,11366,2.25,8,0,5,2120,59.7,63,2120
44457,382440,382440,1.77,5,5,5,2948,24.0,63,2948
190319,11366,2948,1.67,7,5,5,190319,96.8,63,190319
133,11366,2120,1.66,5,2,5,2948,256.1,63,2948
44457,153561,2948,2.43,1,4,5,108853,64.2,63,108853
11366,257541,2948,2.32,7,1,5,2120,259.5,63,2120
11366,382440,153561,1.98,3,4,5,11366,196.9,63,11366
2948,257541,2948,0.85,8,5,5,153561,104.1,63,153561
190319,153561,133,2.73,1,4,5,2948,166.5,63,2948
44457,257541,11366,2.14,1,4,5,153561,58.7,63,153561
2948,108853,133,0.88,6,3,5,108853,155.4,63,382440
44457,190319,382440,0.89,1,3,5,153561,67.3,63,190319
190319,108853,382440,1.49,1,2,5,153561,67.8,63,108853
108853,133,190319,0.56,3,0,5,2948,6.0,63,2948
257541,44457,108853,1.86,1,5,5,44457,236.9,63,2948
108853,382440,382440,2.59,2,2,5,190319,290.3,63,11366
108853,2948,44457,1.68,1,2,5,257541,89.7,63,190319
2120,11366,11366,1.94,1,2,5,382440,134.7,63,382440
190319,153561,2948,0.74,5,3,5,2948,175.9,63,2948
108853,2948,11366,1.97,1,4,5,11366,124.5,63,11366
190319,190319,382440,1.26,2,1,5,2948,294.0,63,2948
108853,257541,190319,1.39,1,3,5,257541,133.7,63,257541
382440,2948,2120,2.36,2,4,5,257541,18.9,63,257541
153561,11366,133,1.24,3,5,5,382440,279.0,63,382440
108853,257541,108853,1.34,1,0,5,257541,137.7,63,257541
2948,382440,153561,0.6,2,5,5,11366,200.1,63,11366
382440,153561,153561,0.85,1,3,5,257541,207.4,63,257541
190319,11366,108853,1.4,1,3,5,2948,201.2,63,2948
108853,257541,133,1.9,1,5,5,190319,28.8,63,190319
2120,2948,190319,2.94,8,5,5,108853,1.9,63,11366
257541,2948,11366,2.57,8,0,5,2948,4.6,63,2948
2120,190319,108853,1.8,3,2,5,190319,20.5,63,190319
44457,108853,44457,1.98,1,4,5,382440,272.7,63,382440
11366,382440,2948,0.5,8,1,5,2948,55.1,63,382440
11366,44457,153561,2.52,1,0,5,2948,89.1,63,2948
108853,2948,108853,2.33,7,0,5,2120,178.4,63,2120
190319,2120,153561,0.63,5,0,5,11366,29.2,63,2948
44457,133,2120,0.69,1,4,5,11366,36.8,63,11366
11366,108853,257541,2.71,8,5,5,11366,295.0,63,108853
11366,11366,153561,2.98,1,0,5,2120,191.1,63,153561
2948,153561,133,2.94,2,3,5,153561,198.6,63,11366
2120,190319,190319,2.15,4,2,5,11366,86.9,63,11366
11366,133,11366,2.31,1,2,5,133,245.6,63,382440
382440,382440,133,2.16,1,2,5,153561,292.1,63,153561
2120,44457,11366,1.87,6,5,5,133,30.9,63,133
2120,2948,11366,1.83,6,4,5,108853,161.6,63,108853
153561,190319,153561,1.96,1,2,5,190319,201.8,63,190319
2120,11366,382440,2.1,1,3,5,382440,204.6,63,382440
153561,11366,382440,1.94,2,2,5,108853,51.0,63,108853
190319,257541,44457,2.21,2,1,5,382440,131.4,63,382440
190319,153561,190319,0.57,3,0,5,190319,253.5,63,190319
44457,190319,2948,0.78,1,5,5,257541,104.8,63,190319
2120,2120,190319,0.63,1,2,5,133,216.9,63,382440
108853,44457,153561,2.12,1,2,5,2948,163.3,63,2948
11366,190319,257541,0.68,1,0,5,11366,86.6,63,2948
190319,11366,11366,2.09,6,5,5,11366,91.1,63,11366
153561,2948,190319,2.0,2,3,5,2948,212.5,63,2948
2120,382440,133,2.3,1,5,5,44457,162.2,63,257541
11366,257541,190319,1.63,2,2,5,2948,171.1,63,2948
257541,2120,44457,2.61,5,2,5,153561,7.3,63,153561
153561,382440,108853,1.8,4,0,5,382440,52.2,63,382440
44457,2948,153561,2.7,2,1,5,153561,4.8,63,153561
44457,382440,11366,2.32,8,1,5,190319,73.3,63,190319
133,190319,257541,0.69,2,1,5,153561,15.7,63,153561
153561,190319,257541,2.88,3,0,5,133,157.4,63,133
2948,108853,153561,0.8,1,5,5,11366,32.7,63,11366
382440,108853,2948,0.96,1,0,5,382440,76.7,63,382440
133,2120,190319,2.21,3,4,5,257541,199.3,63,257541
153561,133,382440,1.86,2,1,5,11366,201.4,63,11366
153561,11366,108853,1.49,1,2,5,153561,235.2,63,153561
2948,108853,382440,2.53,4,4,5,2120,232.6,63,2120
11366,108853,382440,0.5,5,4,5,11366,174.5,63,11366
190319,11366,190319,0.71,6,5,5,382440,174.5,63,382440
153561,2948,11366,2.51,5,4,5,257541,281.7,63,257541
257541,153561,2948,1.74,2,3,5,2948,257.3,63,2948
11366,257541,11366,1.14,2,1,5,382440,127.8,63,382440
2948,153561,133,1.07,1,4,5,11366,259.2,63,11366
2120,133,44457,2.24,6,1,5,190319,247.5,63,190319
190319,133,190319,0.71,4,2,5,2120,144.1,63,2120
133,11366,44457,2.14,1,4,5,190319,190.5,63,190319
2948,108853,2948,0.99,6,3,5,2948,205.5,63,2948
2120,382440,2120,1.48,4,5,5,2120,68.2,63,2120
382440,11366,11366,1.86,1,0,5,153561,118.2,63,153561
190319,257541,11366,2.36,4,5,5,108853,283.4,63,108853
44457,11366,133,2.22,8,1,5,2120,21.6,63,2120
2120,108853,2120,0.64,8,0,5,2120,192.4,63,2120
153561,2948,2948,2.76,1,2,5,382440,88.2,63,2948
190319,2120,2948,1.71,8,4,5,2948,274.5,63,2948
108853,44457,133,2.96,1,4,5,2948,42.6,63,2948
2120,190319,133,1.36,2,2,5,382440,112.7,63,382440
133,133,2948,0.97,1,1,5,11366,150.7,63,11366
153561,133,108853,0.99,2,0,5,11366,124.1,63,2948
2120,382440,44457,0.55,8,0,5,2120,294.9,63,2120
257541,2948,133,2.7,2,0,5,11366,92.1,63,11366
108853,190319,108853,2.48,2,3,5,190319,108.6,63,190319
2120,382440,133,1.36,3,2,5,108853,157.3,63,108853
11366,190319,2948,2.52,4,3,5,108853,234.8,63,108853
2120,11366,108853,1.84,5,1,5,2120,17.1,63,2120
257541,190319,257541,2.89,2,5,5,133,114.0,63,257541
11366,2948,2120,2.71,1,1,5,2120,88.7,63,2948
11366,2948,11366,2.19,2,5,5,2948,266.8,63,2948
11366,190319,382440,2.6,1,3,5,257541,202.6,63,382440
382440,190319,11366,1.68,1,1,5,153561,21.6,63,153561
257541,133,44457,2.76,1,2,5,382440,190.5,63,382440
2948,153561,382440,2.47,6,4,5,44457,60.7,63,11366
153561,44457,108853,0.76,3,5,5,382440,98.7,63,382440
133,11366,11366,1.06,5,5,5,2948,60.7,63,2948
108853,257541,382440,2.12,1,2,5,382440,38.1,63,108853
108853,153561,44457,2.48,5,0,5,2120,100.7,63,2120
382440,2120,190319,1.09,7,1,5,44457,138.2,63,2120
190319,2120,2948,0.77,1,0,5,11366,108.6,63,133
153561,257541,382440,0.98,7,4,5,2948,91.5,63,2948
153561,108853,2120,1.93,2,5,5,382440,237.6,63,382440
11366,2120,153561,2.14,1,2,5,153561,283.3,63,153561
153561,44457,257541,1.29,6,4,5,382440,86.9,63,2948
153561,108853,382440,1.78,7,3,5,153561,250.3,63,153561
133,133,257541,0.74,8,0,5,2120,247.5,63,2120
190319,11366,2120,2.2,1,1,5,133,7.1,63,133
153561,11366,44457,1.85,3,1,5,2948,236.7,63,2948
153561,257541,2120,2.45,1,1,5,11366,105.3,63,153561
44457,11366,382440,2.82,4,4,5,133,122.3,63,11366
2948,133,108853,2.0,5,2,5,11366,218.9,63,11366
257541,108853,2948,2.12,1,3,5,153561,203.7,63,382440
382440,382440,108853,2.22,1,2,5,11366,107.1,63,11366
257541,2948,44457,1.78,1,5,5,190319,151.0,63,190319
382440,44457,108853,1.58,2,3,5,382440,282.3,63,382440
44457,2948,190319,1.41,3,3,5,2948,104.3,63,108853
133,382440,257541,0.58,3,1,5,2948,209.5,63,2948
133,108853,44457,1.19,1,0,5,153561,272.6,63,153561
190319,133,190319,0.84,8,1,5,108853,14.4,63,11366
44457,44457,133,2.06,8,0,5,2948,0.6,63,190319
133,153561,2948,2.65,3,5,5,11366,50.7,63,11366
2948,190319,153561,2.17,1,3,5,190319,127.7,63,190319
133,133,382440,2.89,8,0,5,382440,277.9,63,2120
153561,2948,108853,1.61,5,2,5,382440,126.6,63,382440
382440,2948,382440,2.29,2,4,5,382440,74.8,63,382440
108853,153561,2120,1.22,6,5,5,382440,100.6,63,382440
108853,11366,2120,2.15,5,4,5,190319,137.2,63,11366
44457,190319,2948,1.68,1,5,5,2948,196.3,63,382440
11366,2120,133,2.12,4,2,5,133,174.6,63,133
133,2948,108853,2.34,2,0,5,44457,17.0,63,11366
382440,2948,257541,0.63,7,4,5,382440,165.9,63,382440
257541,108853,11366,1.6,2,1,5,257541,284.2,63,257541
44457,11366,108853,1.78,8,5,5,11366,248.7,63,190319
11366,44457,153561,2.6,6,1,5,382440,93.8,63,108853
133,108853,257541,0.95,3,5,5,11366,101.8,63,11366
44457,153561,11366,1.03,3,1,5,382440,34.3,63,382440
133,190319,44457,1.05,5,0,5,2120,36.3,63,382440
2120,382440,382440,2.05,1,2,5,153561,4.4,63,153561
108853,44457,382440,2.96,2,4,5,2948,231.1,63,2948
108853,2948,11366,1.96,7,2,5,382440,299.6,63,2948
2120,2948,190319,1.66,1,2,5,108853,75.6,63,108853
2120,133,2948,2.05,2,1,5,257541,80.4,63,257541
11366,190319,11366,1.46,3,4,5,257541,3.3,63,257541
153561,11366,108853,1.64,3,3,5,153561,228.5,63,257541
2948,11366,190319,2.73,7,3,5,11366,4.0,63,11366
257541,2948,190319,1.66,1,5,5,257541,263.1,63,257541
382440,190319,190319,1.34,2,5,5,190319,276.1,63,190319
153561,153561,153561,0.53,3,1,5,2948,295.2,63,11366
2120,153561,2948,0.53,8,2,5,2120,143.4,63,2120
257541,133,257541,0.92,2,5,5,382440,290.8,63,382440
44457,108853,257541,1.87,2,5,5,2948,145.8,63,2948
257541,382440,11366,2.49,1,0,5,2948,281.8,63,2948
257541,108853,257541,1.74,1,5,5,133,181.3,63,133
44457,382440,2120,1.8,5,0,5,2120,47.9,63,2120
133,11366,133,1.35,1,3,5,153561,151.0,63,153561
2120,2120,133,0.92,3,1,5,2948,190.9,63,2948
133,382440,153561,2.74,8,4,5,133,249.2,63,133
382440,44457,2120,2.33,3,1,5,190319,247.3,63,190319
108853,153561,153561,2.53,4,0,5,153561,114.7,63,153561
2948,2120,153561,1.52,1,2,5,2948,92.1,63,2948
382440,2948,2120,2.98,1,3,5,2948,284.3,63,2948
108853,11366,2948,0.73,1,4,5,108853,234.9,63,108853
44457,382440,2120,1.34,1,2,5,11366,169.3,63,11366
2120,108853,2120,1.42,5,1,5,2948,210.6,63,2120
108853,382440,2948,1.63,1,5,5,2948,72.6,63,133
2948,44457,257541,1.19,1,3,5,257541,80.1,63,257541
153561,108853,2120,1.07,2,0,5,11366,167.5,63,11366
2948,44457,44457,2.13,6,2,5,44457,139.5,63,257541
44457,2948,382440,1.46,6,4,5,11366,45.4,63,11366
153561,153561,11366,2.76,2,1,5,382440,189.6,63,382440
2948,153561,133,2.23,2,1,5,133,96.2,63,133
382440,133,257541,2.76,8,2,5,2120,167.4,63,2120
2120,190319,108853,1.58,3,0,5,2948,155.5,63,2948
153561,108853,133,0.72,1,3,5,2948,134.6,63,2948
153561,133,2120,1.24,3,1,5,133,289.0,63,133
133,382440,153561,1.57,2,3,5,11366,199.5,63,108853
257541,11366,382440,1.3,3,2,5,11366,196.5,63,11366
108853,2948,133,1.54,4,1,5,2120,277.2,63,2120
2120,2120,11366,2.46,3,1,5,190319,264.0,63,11366
108853,44457,44457,2.31,2,3,5,153561,188.9,63,190319
44457,108853,2120,2.33,1,0,5,2948,162.5,63,2948
190319,11366,133,2.36,8,1,5,44457,139.9,63,257541
2120,2120,133,0.56,4,4,5,190319,155.4,63,190319
257541,11366,11366,1.95,1,0,5,382440,154.2,63,133
257541,2948,2948,1.69,4,1,5,190319,191.2,63,190319
257541,44457,190319,2.57,5,3,5,2948,200.3,63,153561
44457,257541,133,2.94,1,2,5,257541,42.4,63,257541
2120,190319,153561,2.63,3,3,5,153561,17.3,63,2948
133,44457,257541,2.18,3,1,5,2948,5.1,63,2948
257541,257541,133,1.27,1,2,5,382440,66.3,63,382440
2948,190319,2120,1.2,1,4,5,108853,254.6,63,108853
2120,2948,11366,1.18,1,1,5,44457,255.6,63,133
382440,190319,2120,1.46,5,3,5,2120,171.9,63,2120
108853,133,2948,0.56,1,1,5,2948,265.2,63,2948
2120,2948,257541,2.44,5,1,5,2120,219.4,63,2120
190319,133,108853,1.5,3,3,5,190319,288.8,63,190319
11366,2120,133,1.72,3,1,5,190319,259.3,63,190319
2120,382440,2948,2.66,3,3,5,2948,61.2,63,2948
44457,108853,2948,1.09,1,1,5,2948,43.9,63,2948
2948,153561,382440,2.35,1,2,5,133,290.4,63,133
2120,382440,190319,2.57,7,5,5,11366,107.9,63,11366
11366,257541,2120,0.69,1,3,5,108853,280.7,63,108853
382440,190319,190319,1.89,4,0,5,44457,172.6,63,11366
153561,190319,257541,0.59,2,1,5,257541,172.1,63,257541
2948,2120,11366,0.6,1,2,5,108853,38.1,63,108853
382440,108853,153561,1.44,1,3,5,2948,160.4,63,11366
2948,382440,2120,2.19,5,1,5,2120,186.7,63,2120
11366,153561,190319,1.73,2,4,5,2948,14.5,63,2948
2120,190319,133,1.79,3,4,5,11366,234.5,63,11366
44457,11366,11366,2.16,8,2,5,11366,206.3,63,11366
2120,44457,108853,2.54,1,4,5,44457,140.6,63,11366
257541,257541,153561,0.64,5,2,5,11366,89.8,63,11366
2948,190319,11366,2.64,3,4,5,108853,8.7,63,108853
257541,2120,257541,0.59,3,2,5,2948,254.0,63,2948
44457,2948,11366,1.68,3,4,5,44457,225.7,63,108853
382440,153561,2948,0.5,1,4,5,190319,81.5,63,190319
382440,11366,2948,2.1,2,2,5,257541,103.6,63,382440
190319,133,2948,0.89,6,3,5,2120,98.8,63,2120
108853,133,2948,2.14,3,2,5,153561,3.2,63,153561
257541,190319,153561,2.52,4,1,5,2120,13.3,63,2120
44457,190319,133,1.02,8,1,5,257541,226.6,63,257541
382440,133,2948,2.17,6,1,5,11366,199.4,63,190319
11366,382440,11366,2.49,3,5,5,257541,177.3,63,257541
2948,2948,2120,1.81,5,0,5,11366,113.9,63,11366
11366,2120,190319,1.73,6,1,5,2948,205.5,63,2948
133,257541,133,0.57,1,0,5,11366,277.3,63,11366
2948,133,153561,0.55,4,0,5,11366,191.5,63,11366
153561,2120,382440,1.27,6,3,5,11366,117.2,63,257541
2948,153561,133,0.89,6,1,5,190319,195.6,63,190319
153561,2120,2948,2.31,4,0,5,2948,279.9,63,2948
2948,2948,108853,2.28,7,4,5,2120,97.9,63,2120
108853,2948,108853,1.19,1,2,5,257541,99.2,63,11366
2120,382440,382440,2.94,7,2,5,44457,203.0,63,2120
2120,257541,133,0.78,4,2,5,133,267.5,63,133
190319,2948,2948,1.42,7,1,5,133,267.1,63,2120
133,2948,2948,0.64,1,0,5,257541,65.5,63,257541
11366,108853,44457,1.52,1,2,5,11366,134.2,63,11366
11366,108853,257541,2.28,2,2,5,153561,231.5,63,257541
153561,257541,133,0.85,4,5,5,2120,137.9,63,2120
382440,382440,153561,1.22,1,4,5,153561,159.5,63,2948
153561,44457,257541,1.72,1,0,5,44457,53.2,63,11366
382440,11366,257541,2.29,2,2,5,133,88.0,63,133
153561,133,257541,2.06,3,4,5,190319,230.5,63,190319
44457,257541,44457,0.66,2,1,5,2948,80.9,63,11366
382440,190319,44457,1.51,5,2,5,2120,267.0,63,2120
108853,44457,2120,2.94,8,2,5,2120,258.1,63,2120
382440,2120,11366,2.98,5,4,5,133,266.3,63,133
257541,108853,153561,2.6,2,3,5,11366,56.0,63,11366
257541,257541,190319,1.38,3,3,5,2948,148.5,63,2948
2120,257541,257541,2.08,2,4,5,11366,137.0,63,11366
382440,2120,190319,2.23,1,0,5,133,214.6,63,2948
133,382440,11366,2.86,7,2,5,153561,202.2,63,153561
2120,382440,153561,2.06,4,1,5,382440,44.6,63,382440
44457,11366,2948,1.93,1,3,5,133,61.8,63,133
257541,2948,11366,2.56,1,4,5,190319,38.6,63,190319
44457,133,382440,1.19,1,4,5,382440,115.2,63,382440
44457,44457,133,1.18,2,4,5,11366,267.2,63,11366
153561,44457,133,2.8,1,2,5,2948,242.1,63,2948
2948,2120,133,1.84,3,5,5,11366,18.6,63,11366
133,108853,11366,0.59,1,0,5,11366,258.2,63,11366
257541,257541,257541,1.45,3,4,5,2948,159.2,63,2948
257541,108853,2948,1.61,3,3,5,153561,120.4,63,153561
108853,2948,44457,1.2,5,5,5,11366,168.5,63,11366
44457,2120,108853,1.7,1,0,5,257541,161.6,63,257541
133,190319,2948,1.46,8,1,5,108853,176.1,63,257541
257541,257541,190319,2.35,1,3,5,11366,85.0,63,11366
257541,108853,108853,0.96,8,1,5,2120,272.4,63,2120
108853,44457,382440,0.9,4,2,5,133,299.4,63,133
382440,2120,133,1.63,7,1,5,2120,153.1,63,2120
133,153561,382440,2.35,2,1,5,11366,258.2,63,11366
108853,108853,11366,2.33,4,0,5,11366,177.7,63,11366
44457,382440,2948,1.92,1,1,5,257541,162.4,63,257541
382440,153561,44457,2.66,1,0,5,257541,68.2,63,257541
153561,257541,11366,2.73,5,5,5,108853,62.1,63,2120
133,133,44457,1.89,7,2,5,190319,262.0,63,11366
153561,257541,11366,1.08,3,3,5,44457,264.9,63,382440
2120,190319,133,1.43,2,3,5,133,146.2,63,133
2120,2948,44457,1.89,7,2,5,133,165.5,63,382440
44457,2120,2948,2.84,2,2,5,382440,94.3,63,382440
133,2948,108853,2.04,1,2,5,2948,221.5,63,2948
2120,2948,108853,0.69,7,5,5,153561,56.8,63,153561
108853,382440,257541,1.43,2,4,5,153561,190.2,63,153561
11366,153561,2120,0.76,1,3,5,133,293.6,63,133
257541,190319,2120,1.99,8,4,5,382440,64.9,63,382440
190319,108853,44457,1.52,1,5,5,153561,216.1,63,153561
2120,133,108853,0.84,1,3,5,11366,274.6,63,11366
153561,190319,153561,2.77,2,5,5,133,90.7,63,133
44457,133,257541,2.9,2,0,5,153561,26.4,63,153561
257541,190319,257541,2.88,2,1,5,108853,109.1,63,2948
257541,2948,190319,2.48,1,3,5,11366,218.5,63,11366
2120,108853,382440,0.82,2,1,5,190319,211.1,63,190319
44457,108853,153561,2.03,1,2,5,2948,235.5,63,2948
257541,44457,108853,2.33,2,2,5,2948,114.1,63,11366
190319,44457,2120,1.69,3,0,5,108853,246.8,63,108853
133,190319,382440,1.5,1,4,5,2120,281.7,63,108853
11366,133,2120,1.39,1,3,5,133,147.9,63,133
2120,190319,133,2.2,3,2,5,11366,206.5,63,11366
257541,108853,382440,2.88,8,4,5,2120,80.3,63,2120
44457,133,2948,0.98,2,4,5,190319,224.2,63,190319
11366,44457,11366,1.51,3,5,5,2948,214.2,63,2948
2948,153561,133,2.21,7,1,5,153561,167.9,63,2120
153561,11366,153561,0.77,4,3,5,11366,59.1,63,11366
257541,2948,257541,2.52,5,1,5,108853,38.0,63,108853
382440,133,190319,1.91,7,4,5,108853,256.5,63,382440
133,11366,11366,2.03,1,0,5,153561,43.0,63,153561
382440,44457,257541,1.52,6,1,5,2120,19.2,63,2120
2120,257541,2948,2.26,1,0,5,382440,270.9,63,382440
2120,133,153561,0.79,4,0,5,133,108.9,63,190319
190319,382440,257541,0.63,3,5,5,2120,71.4,63,133
153561,2948,2120,2.46,2,3,5,11366,28.2,63,11366
382440,108853,257541,1.19,1,1,5,2948,13.9,63,2948
257541,257541,133,1.99,3,1,5,2948,24.2,63,2948
2948,257541,2120,2.58,1,5,5,108853,231.7,63,2948
153561,2948,2948,1.87,3,2,5,153561,0.8,63,153561
2120,2120,257541,1.15,4,5,5,153561,159.3,63,153561
190319,11366,382440,1.86,1,3,5,382440,242.8,63,382440
108853,108853,2120,0.56,1,0,5,2948,139.7,63,11366
11366,190319,257541,1.29,1,3,5,133,270.5,63,190319
190319,108853,190319,0.78,7,1,5,2120,298.5,63,2120
257541,108853,11366,1.49,6,0,5,2120,286.9,63,2120
153561,190319,44457,1.61,2,0,5,133,114.8,63,108853
153561,44457,133,1.4,1,1,5,2948,238.8,63,2948
11366,44457,108853,2.13,1,2,5,257541,229.4,63,108853
190319,2120,2948,1.21,2,1,5,11366,221.1,63,11366
2120,382440,153561,1.4,6,1,5,11366,253.3,63,11366
11366,257541,2948,1.83,8,3,5,2948,2.2,63,2948
382440,2948,133,2.01,1,5,5,190319,58.7,63,190319
11366,190319,108853,1.03,3,3,5,11366,195.3,63,11366
133,2948,190319,1.89,4,4,5,257541,40.9,63,257541
108853,133,11366,1.26,4,4,5,2120,213.6,63,2120
108853,133,190319,2.33,1,5,5,11366,98.0,63,11366
11366,382440,382440,1.67,3,1,5,153561,57.2,63,190319
44457,2120,133,1.76,7,0,5,11366,196.9,63,2120
2120,2948,44457,2.83,3,2,5,133,69.6,63,133
257541,153561,11366,1.04,1,3,5,108853,231.6,63,108853
190319,190319,108853,1.31,2,0,5,2948,223.5,63,257541
2948,133,108853,2.94,2,3,5,382440,174.2,63,11366
11366,382440,11366,2.19,3,2,5,2948,256.4,63,153561
190319,153561,11366,1.72,2,0,5,153561,25.3,63,133
153561,133,133,1.86,6,1,5,11366,56.4,63,11366
190319,108853,44457,1.33,2,0,5,2120,169.2,63,153561
11366,133,2948,1.5,6,2,5,2948,91.7,63,2948
153561,153561,11366,2.27,3,0,5,133,184.5,63,133
2948,44457,108853,0.95,1,1,5,190319,276.9,63,190319
257541,257541,108853,2.21,1,4,5,133,54.4,63,108853
2120,44457,257541,1.95,6,0,5,2948,167.0,63,2948
153561,2948,153561,2.79,3,3,5,257541,194.4,63,257541
190319,133,11366,1.55,3,4,5,382440,182.5,63,382440
108853,190319,153561,1.84,4,3,5,2948,224.1,63,2948
382440,2948,2948,2.57,3,0,5,11366,250.6,63,11366
257541,108853,2120,2.02,5,2,5,2120,9.2,63,2120
2120,2948,190319,1.9,1,2,5,153561,42.3,63,153561
2120,382440,257541,1.51,2,5,5,190319,56.1,63,190319
382440,257541,2948,1.97,1,4,5,382440,250.0,63,382440
133,153561,108853,0.86,3,0,5,257541,163.7,63,257541
44457,153561,382440,1.09,1,4,5,2948,196.9,63,2948
133,190319,133,1.45,3,1,5,257541,265.9,63,257541
11366,153561,44457,1.09,3,2,5,153561,103.0,63,108853
153561,257541,2948,2.83,5,0,5,190319,192.3,63,2120
2948,153561,44457,2.61,3,2,5,2948,115.4,63,2948
382440,257541,382440,0.81,2,2,5,11366,281.3,63,11366
190319,133,2948,1.29,1,3,5,133,211.2,63,2948
133,108853,190319,2.77,4,5,5,190319,98.4,63,190319
133,190319,11366,2.13,1,2,5,11366,161.9,63,11366
11366,133,133,1.15,6,0,5,257541,156.3,63,2948
108853,257541,108853,1.99,1,5,5,11366,85.7,63,2948
108853,11366,133,0.8,3,1,5,11366,111.7,63,11366
382440,190319,382440,2.9,3,2,5,190319,123.3,63,190319
257541,190319,108853,1.46,1,4,5,133,96.4,63,133
2120,382440,44457,2.47,3,4,5,108853,59.2,63,108853
11366,2120,11366,1.4,1,3,5,2948,217.5,63,2948
11366,2120,11366,1.96,8,4,5,2120,144.3,63,2120
2120,133,11366,1.42,3,3,5,153561,279.9,63,153561
190319,190319,2948,1.56,1,4,5,133,277.5,63,133
44457,108853,190319,1.55,7,3,5,382440,107.2,63,382440
108853,190319,2948,1.86,7,4,5,133,73.4,63,382440
11366,44457,108853,2.35,1,3,5,133,278.0,63,133
153561,108853,11366,2.7,1,1,5,2948,4.5,63,2948
153561,257541,11366,1.18,1,3,5,2120,20.6,63,133
153561,257541,44457,0.67,1,0,5,108853,99.8,63,108853
108853,2120,153561,2.95,3,4,5,2948,81.1,63,2948
2120,133,257541,1.64,4,3,5,190319,26.9,63,190319
2120,108853,257541,1.19,1,4,5,108853,203.0,63,108853
382440,2120,2120,1.06,1,0,5,133,30.1,63,11366
2120,190319,2948,0.91,7,4,5,133,128.0,63,133
190319,2120,190319,2.83,8,4,5,11366,211.3,63,11366
382440,190319,153561,2.31,1,2,5,257541,225.7,63,257541
44457,108853,133,1.15,2,2,5,108853,285.3,63,108853
257541,2948,2120,0.66,2,3,5,2948,28.7,63,11366
153561,153561,153561,1.4,3,3,5,153561,167.5,63,153561
11366,190319,153561,2.52,1,2,5,153561,243.4,63,153561
44457,108853,108853,2.38,1,5,5,153561,100.3,63,153561
133,133,382440,1.4,7,3,5,2948,235.1,63,382440
2120,44457,2948,2.89,3,5,5,190319,92.9,63,190319
257541,190319,153561,1.95,4,1,5,153561,18.3,63,153561
257541,190319,382440,0.87,1,4,5,257541,25.4,63,382440
382440,382440,11366,2.36,1,2,5,257541,217.9,63,257541
44457,382440,2948,2.62,3,3,5,257541,60.0,63,257541
2948,108853,257541,2.75,1,4,5,133,40.3,63,133
133,2120,2120,0.69,6,5,5,2948,78.4,63,2948
382440,257541,11366,0.69,2,0,5,108853,179.9,63,108853
257541,190319,44457,1.38,7,4,5,11366,251.8,63,11366
382440,133,190319,2.38,8,5,5,2948,97.7,63,2948
2948,44457,190319,1.87,4,5,5,11366,22.9,63,11366
153561,44457,133,1.13,8,0,5,257541,178.3,63,257541
153561,190319,153561,2.7,6,4,5,108853,248.8,63,108853
133,2948,382440,2.45,1,0,5,108853,120.0,63,108853
11366,133,257541,0.72,1,2,5,11366,45.2,63,11366
257541,44457,190319,2.76,1,3,5,190319,64.4,63,190319
257541,382440,190319,0.75,4,5,5,2120,80.1,63,2120
190319,190319,2948,2.8,1,0,5,133,76.0,63,108853
2120,257541,382440,2.09,7,3,5,257541,163.4,63,257541
108853,382440,133,1.33,1,1,5,257541,19.4,63,2948
108853,190319,11366,2.49,3,1,5,11366,21.3,63,11366
190319,11366,257541,2.74,1,3,5,190319,85.3,63,190319
257541,133,153561,1.37,1,5,5,382440,193.9,63,382440
11366,190319,11366,2.17,8,2,5,153561,290.1,63,153561
153561,257541,382440,1.92,2,0,5,382440,199.3,63,382440
44457,133,133,1.16,1,4,5,153561,88.3,63,153561
257541,108853,108853,2.82,1,1,5,11366,293.3,63,11366
257541,133,2120,2.6,3,4,5,133,43.3,63,133
11366,133,2120,1.61,3,2,5,257541,202.0,63,257541
108853,108853,190319,1.41,6,0,5,382440,24.5,63,2120
382440,2948,11366,2.42,1,3,5,133,228.6,63,153561
257541,133,153561,0.84,2,2,5,382440,187.9,63,382440
257541,108853,108853,2.32,3,3,5,382440,106.9,63,382440
11366,108853,44457,1.3,7,1,5,2120,12.0,63,2120
190319,2948,153561,0.68,1,3,5,2948,169.3,63,2948
382440,133,2120,0.75,3,0,5,153561,160.3,63,153561
44457,382440,2948,2.91,7,0,5,382440,242.3,63,382440
44457,133,11366,2.64,1,5,5,11366,140.5,63,11366
108853,44457,2948,1.07,1,3,5,190319,169.0,63,190319
153561,44457,2120,2.9,1,2,5,108853,243.2,63,11366
153561,133,2948,2.33,1,0,5,11366,173.0,63,11366
108853,257541,2948,1.4,6,3,5,2948,204.9,63,2948
382440,257541,257541,0.71,2,3,5,382440,230.3,63,108853
153561,257541,133,1.11,4,5,5,2948,199.4,63,2948
153561,11366,2948,0.92,5,5,5,133,98.1,63,133
108853,190319,11366,0.76,6,1,5,11366,240.8,63,257541
190319,257541,2948,0.7,8,4,5,44457,135.0,63,11366
108853,257541,11366,1.48,7,3,5,44457,216.5,63,133
133,153561,133,0.97,8,3,5,382440,187.2,63,382440
108853,11366,11366,0.51,1,5,5,153561,128.3,63,153561
2120,190319,11366,1.01,1,0,5,133,214.8,63,133
133,133,11366,1.8,5,0,5,2120,48.7,63,2120
11366,382440,108853,2.57,3,3,5,2948,80.9,63,2948
257541,2120,153561,1.68,3,3,5,190319,75.9,63,190319
11366,108853,257541,2.71,4,1,5,44457,182.3,63,11366
2948,257541,11366,2.71,4,5,5,153561,43.8,63,153561
44457,133,133,1.77,1,2,5,133,299.0,63,133
153561,44457,2948,2.55,3,0,5,2948,190.0,63,2948
44457,257541,133,1.36,5,2,5,108853,141.1,63,108853
2948,153561,133,2.86,1,2,5,382440,287.5,63,11366
190319,2120,257541,2.57,4,3,5,2948,296.1,63,2948
44457,153561,382440,2.47,3,2,5,108853,267.4,63,108853
190319,108853,108853,1.5,5,5,5,153561,9.1,63,153561
190319,44457,2948,1.75,1,1,5,108853,147.6,63,108853
257541,44457,2948,2.91,8,1,5,108853,178.7,63,2120
382440,108853,133,1.63,1,0,5,190319,163.3,63,190319
44457,2120,382440,1.25,1,0,5,108853,146.7,63,108853
133,2120,190319,1.86,3,1,5,257541,197.3,63,257541
108853,108853,2120,2.22,1,2,5,2948,71.0,63,2948
153561,382440,108853,1.39,7,2,5,44457,182.5,63,108853
382440,257541,257541,2.27,1,0,5,2120,213.5,63,2948
382440,11366,11366,1.05,2,4,5,153561,234.7,63,153561
108853,133,108853,1.57,1,1,5,190319,53.5,63,190319
153561,108853,153561,1.66,3,5,5,2948,204.8,63,133
2948,153561,2948,0.72,3,4,5,190319,286.2,63,2948
108853,2948,153561,2.87,3,2,5,44457,213.9,63,2948
257541,190319,382440,2.24,1,5,5,108853,33.9,63,133
2120,44457,133,2.3,2,0,5,11366,17.0,63,11366
108853,44457,190319,1.0,1,2,5,11366,186.8,63,11366
44457,11366,190319,2.2,2,2,5,133,115.2,63,11366
382440,133,257541,1.0,1,0,5,44457,54.4,63,2948
2120,153561,2120,1.69,3,3,5,2948,169.7,63,2948
44457,2948,257541,2.85,1,2,5,257541,139.2,63,257541
382440,153561,2948,1.96,1,3,5,133,81.4,63,153561
133,108853,2948,2.04,4,4,5,2120,137.6,63,2120
108853,2948,44457,2.35,3,4,5,257541,148.7,63,257541
382440,382440,153561,1.36,1,0,5,2948,118.7,63,2948
44457,153561,108853,2.31,1,5,5,44457,207.2,63,133
133,153561,2948,2.88,1,1,5,190319,145.1,63,257541
2120,133,153561,2.48,1,0,5,190319,246.2,63,190319
257541,2948,44457,2.3,3,0,5,153561,175.7,63,153561
382440,257541,108853,2.89,2,2,5,153561,33.4,63,153561
2120,153561,133,0.73,7,1,5,190319,17.5,63,257541
153561,257541,153561,2.23,2,1,5,382440,1.8,63,382440
11366,382440,190319,2.12,2,3,5,44457,213.3,63,108853
153561,382440,44457,0.6,1,4,5,133,101.8,63,2948
133,11366,257541,2.69,1,1,5,153561,23.3,63,153561
257541,153561,257541,1.34,2,1,5,11366,265.1,63,11366
133,108853,108853,1.93,3,3,5,11366,13.4,63,11366
382440,44457,2120,0.69,4,5,5,2120,137.6,63,2120
257541,133,153561,1.33,6,2,5,190319,135.9,63,190319
108853,11366,190319,1.15,5,5,5,153561,66.3,63,2120
11366,2948,11366,1.73,2,1,5,153561,280.5,63,153561
382440,2948,2120,2.63,2,2,5,382440,57.3,63,153561
257541,44457,2120,1.82,8,3,5,382440,28.8,63,190319
153561,382440,190319,2.23,1,4,5,153561,245.6,63,153561
382440,190319,44457,1.78,1,1,5,133,264.8,63,190319
108853,190319,44457,2.47,5,3,5,2948,64.2,63,2948
133,382440,2120,1.07,6,3,5,382440,101.2,63,2120
2948,382440,153561,2.71,2,2,5,11366,240.8,63,11366
44457,382440,2948,1.69,1,0,5,133,271.8,63,11366
190319,2120,382440,1.94,4,5,5,2948,298.2,63,2948
153561,133,153561,1.09,7,3,5,2948,134.6,63,2948
44457,2120,2120,1.39,1,0,5,108853,250.1,63,153561
108853,11366,44457,2.88,1,4,5,11366,289.5,63,11366
190319,382440,44457,1.52,1,0,5,11366,22.5,63,257541
133,257541,382440,1.62,1,5,5,153561,159.6,63,153561
44457,2948,2120,0.59,1,1,5,153561,159.0,63,153561
11366,257541,2120,1.04,4,2,5,2120,288.4,63,2120
108853,2120,153561,1.11,3,2,5,2948,93.6,63,2948
153561,2948,44457,2.28,2,5,5,190319,90.2,63,190319
44457,2948,133,0.78,5,2,5,190319,142.5,63,190319
190319,11366,133,2.32,2,1,5,382440,273.3,63,382440
382440,382440,382440,0.57,7,2,5,2948,212.3,63,382440
153561,11366,44457,1.27,2,2,5,382440,145.1,63,382440
44457,153561,11366,2.25,2,3,5,11366,67.9,63,11366
2948,11366,2948,1.45,7,5,5,382440,240.6,63,382440
44457,2120,153561,1.48,5,3,5,108853,208.3,63,2120
133,153561,11366,1.56,6,1,5,2948,135.9,63,2948
382440,108853,257541,1.26,3,5,5,2948,241.1,63,2948
2948,2948,2120,2.93,1,1,5,190319,68.5,63,190319
133,257541,133,1.69,3,2,5,11366,235.3,63,11366
108853,133,382440,1.15,2,3,5,382440,84.4,63,382440
133,153561,44457,1.13,1,0,5,108853,229.6,63,108853
190319,44457,257541,0.53,2,4,5,382440,26.4,63,382440
2120,108853,257541,2.42,1,3,5,11366,244.7,63,11366
2948,2948,190319,1.8,8,1,5,153561,270.1,63,11366
44457,2120,153561,1.87,1,0,5,108853,73.8,63,2948
2120,257541,133,1.91,6,0,5,2120,97.6,63,2120
382440,44457,133,0.73,8,5,5,108853,273.8,63,108853
2120,44457,133,1.81,1,3,5,133,295.6,63,382440
382440,11366,257541,1.49,1,2,5,11366,125.8,63,11366
382440,382440,44457,1.65,1,5,5,382440,270.1,63,11366
382440,190319,2120,1.46,1,4,5,257541,164.3,63,257541
108853,108853,382440,2.57,8,0,5,257541,200.4,63,382440
153561,108853,2120,1.9,3,5,5,257541,118.0,63,382440
257541,153561,190319,0.72,3,3,5,2948,168.0,63,2948
190319,153561,44457,2.11,4,3,5,382440,48.0,63,382440
44457,44457,108853,2.98,1,0,5,2948,12.2,63,2948
2948,2948,44457,0.51,5,2,5,11366,229.9,63,11366
2120,44457,382440,2.71,6,5,5,382440,12.4,63,2120
257541,257541,44457,2.62,7,2,5,11366,271.2,63,11366
2120,11366,2120,1.13,6,0,5,11366,254.3,63,11366
153561,190319,190319,1.2,1,1,5,2948,80.7,63,2948
153561,190319,108853,2.26,1,4,5,153561,153.1,63,153561
108853,133,382440,2.77,1,4,5,2120,182.5,63,257541
382440,133,382440,0.58,1,1,5,2948,187.9,63,2948
190319,108853,257541,2.0,1,3,5,133,54.7,63,133
11366,2948,108853,1.27,1,2,5,382440,215.4,63,133
44457,153561,108853,2.91,7,3,5,2948,76.3,63,257541
190319,2120,44457,0.67,5,3,5,190319,12.8,63,190319
257541,190319,44457,0.63,3,5,5,190319,260.2,63,190319
11366,44457,2948,2.81,7,0,5,2120,247.7,63,2120
382440,133,2948,1.41,1,3,5,133,252.8,63,133
11366,2948,108853,0.77,5,0,5,257541,186.8,63,257541
2120,108853,133,1.75,1,2,5,190319,195.5,63,190319
257541,153561,153561,1.02,1,2,5,11366,22.3,63,11366
257541,44457,108853,1.96,1,1,5,11366,83.0,63,11366
133,2120,133,1.64,3,1,5,2948,255.5,63,2948
108853,153561,108853,1.11,1,0,5,153561,168.0,63,2948
190319,382440,2120,2.8,1,0,5,190319,248.1,63,153561
153561,2120,108853,1.94,8,5,5,2120,263.6,63,2120
190319,11366,11366,0.68,2,1,5,257541,132.0,63,257541
153561,44457,44457,1.87,1,1,5,153561,161.8,63,133
257541,44457,2120,1.49,2,0,5,2120,101.0,63,133
11366,190319,382440,1.61,7,4,5,44457,276.2,63,2120
133,257541,2120,2.37,2,5,5,2948,131.9,63,2948
11366,133,44457,2.11,1,0,5,153561,68.0,63,153561
190319,382440,2120,1.87,2,5,5,2948,291.9,63,2948
11366,382440,257541,2.54,1,1,5,11366,105.1,63,11366
11366,108853,108853,1.49,1,1,5,108853,35.4,63,108853
190319,44457,2948,1.31,2,4,5,11366,297.9,63,11366
133,133,133,2.61,7,5,5,2948,255.7,63,2948
153561,108853,133,0.55,1,5,5,133,139.5,63,2948
2948,382440,133,1.5,3,1,5,2948,220.3,63,2948
11366,257541,153561,2.45,1,2,5,11366,107.2,63,108853
153561,257541,153561,2.98,2,4,5,382440,289.7,63,382440
2120,133,190319,2.01,8,3,5,257541,13.5,63,2120
2948,108853,11366,1.9,5,0,5,190319,114.9,63,190319
44457,2948,190319,2.9,1,1,5,2948,52.3,63,2948
11366,44457,2948,2.48,3,3,5,108853,24.0,63,108853
257541,133,190319,2.54,3,4,5,11366,65.7,63,11366
190319,153561,11366,1.54,1,3,5,153561,132.8,63,153561
44457,382440,153561,1.29,6,3,5,108853,61.2,63,108853
11366,11366,153561,1.21,1,3,5,2948,192.4,63,2948
190319,257541,257541,0.63,8,3,5,382440,58.8,63,382440
190319,153561,382440,1.53,1,4,5,2948,5.8,63,2948
2948,108853,108853,0.78,1,2,5,153561,107.6,63,190319
382440,2948,2120,1.49,1,1,5,11366,4.3,63,11366
2948,190319,190319,0.92,5,2,5,2948,24.6,63,2948
108853,11366,2948,0.77,1,2,5,153561,289.3,63,153561
44457,11366,2948,2.22,4,0,5,2948,95.2,63,2948
44457,153561,257541,1.52,3,0,5,190319,74.1,63,190319
2120,133,190319,2.24,7,1,5,108853,77.3,63,108853
382440,11366,382440,2.78,2,1,5,153561,206.4,63,153561
44457,108853,257541,2.2,1,4,5,11366,144.1,63,11366
153561,44457,133,2.45,5,2,5,2120,258.5,63,2120
2120,257541,44457,1.36,1,5,5,11366,62.7,63,153561
257541,11366,257541,0.98,5,0,5,108853,247.0,63,11366
190319,44457,11366,1.95,7,0,5,11366,197.9,63,11366
108853,190319,108853,2.09,6,5,5,2120,181.6,63,2120
2948,2120,257541,0.75,8,3,5,2120,193.1,63,108853
108853,108853,11366,2.35,2,0,5,257541,292.8,63,257541
190319,190319,382440,1.98,2,4,5,133,207.0,63,133
108853,2948,257541,2.36,6,4,5,2948,258.1,63,2948
44457,257541,44457,2.53,1,3,5,11366,181.9,63,11366
2948,133,133,2.71,1,3,5,153561,5.3,63,153561
2948,153561,2948,1.54,8,4,5,382440,138.7,63,382440
2120,257541,382440,1.16,1,5,5,2948,135.7,63,2948
190319,2948,190319,2.69,3,5,5,108853,216.7,63,108853
108853,2120,382440,0.81,2,0,5,2948,6.3,63,2948
257541,108853,382440,1.69,2,1,5,190319,40.7,63,153561
44457,153561,11366,2.55,8,0,5,2120,60.0,63,2120
133,44457,2948,2.01,2,2,5,2948,111.9,63,2948
190319,44457,382440,2.97,7,3,5,382440,193.3,63,190319
257541,2120,153561,2.42,7,5,5,382440,181.9,63,108853
2948,44457,11366,1.79,3,5,5,11366,58.4,63,11366
2948,2120,2948,1.17,3,0,5,108853,51.6,63,108853
11366,11366,153561,1.13,4,0,5,11366,56.2,63,11366
44457,44457,108853,1.82,1,3,5,133,81.5,63,133
11366,2120,382440,2.28,5,0,5,257541,123.9,63,257541
133,108853,133,2.07,6,2,5,257541,22.2,63,257541
257541,2948,11366,2.15,7,0,5,133,126.5,63,133
133,44457,44457,2.1,1,3,5,382440,296.7,63,382440
133,2948,2948,1.28,7,0,5,11366,129.2,63,133
44457,2120,44457,1.19,2,5,5,133,90.5,63,133
190319,108853,257541,0.9,1,3,5,11366,128.2,63,108853
190319,2120,108853,2.69,5,2,5,2120,267.3,63,11366
133,133,257541,1.11,5,2,5,257541,192.0,63,257541
133,2120,133,1.24,1,3,5,190319,64.8,63,190319
2948,133,44457,0.6,4,5,5,257541,280.8,63,133
133,2120,108853,2.88,1,2,5,11366,43.9,63,11366
11366,2948,257541,2.18,1,4,5,108853,270.0,63,108853
108853,190319,44457,1.5,1,2,5,11366,232.2,63,11366
133,44457,190319,2.43,5,0,5,108853,248.9,63,2120
382440,257541,2120,2.49,2,4,5,133,39.5,63,133
108853,257541,2948,2.63,1,2,5,2948,212.4,63,2948
257541,190319,108853,1.72,1,3,5,257541,225.5,63,382440
11366,153561,257541,0.73,8,0,5,133,5.9,63,133
11366,153561,11366,2.91,1,0,5,153561,180.4,63,11366
2948,382440,2120,0.87,6,0,5,190319,103.2,63,190319
11366,11366,382440,0.7,8,0,5,382440,217.2,63,382440
133,133,257541,0.78,1,5,5,190319,194.3,63,190319
11366,153561,2120,1.37,1,1,5,257541,114.7,63,257541
2120,257541,108853,1.67,5,2,5,108853,3.1,63,108853
133,257541,11366,1.1,2,0,5,133,34.3,63,133
133,382440,44457,2.84,7,5,5,11366,105.4,63,108853
11366,382440,382440,2.0,1,5,5,11366,20.3,63,11366
11366,190319,257541,2.86,3,5,5,108853,181.3,63,108853
190319,108853,153561,0.99,2,2,5,190319,7.3,63,190319
11366,257541,44457,1.22,1,3,5,190319,25.5,63,190319
133,133,133,1.16,1,1,5,11366,97.2,63,11366
2948,153561,153561,1.79,2,4,5,11366,267.1,63,11366
257541,2120,2948,2.88,2,2,5,2948,109.3,63,2948
133,2120,257541,1.01,3,2,5,382440,204.7,63,382440
11366,108853,133,0.89,3,0,5,2948,244.9,63,2948
2120,44457,133,2.32,6,0,5,257541,186.1,63,257541
133,44457,133,0.96,2,4,5,2948,70.8,63,2948
257541,44457,190319,1.05,8,2,5,2948,230.8,63,2948
257541,108853,11366,2.28,3,2,5,190319,24.1,63,190319
2120,44457,153561,1.74,5,5,5,2120,199.4,63,2120
44457,190319,108853,1.63,4,0,5,153561,269.6,63,153561
2948,257541,382440,2.46,1,5,5,257541,59.4,63,257541
2120,2948,108853,2.19,1,3,5,11366,282.3,63,11366
44457,257541,2120,2.45,1,0,5,2948,74.7,63,2948
108853,257541,382440,2.98,1,1,5,2948,211.4,63,2948
108853,44457,133,2.74,8,1,5,190319,135.7,63,190319
11366,133,2948,2.95,4,4,5,190319,272.9,63,382440
190319,44457,382440,1.71,3,0,5,133,49.1,63,133
153561,11366,133,2.44,1,0,5,2948,1.6,63,2948
190319,2948,382440,1.28,1,5,5,153561,294.6,63,153561
108853,108853,108853,2.03,1,0,5,133,46.2,63,133
11366,2120,190319,2.14,3,3,5,257541,79.7,63,382440
153561,153561,11366,2.35,2,4,5,11366,78.8,63,11366
190319,133,11366,1.46,1,2,5,11366,38.3,63,11366
382440,2120,44457,2.37,2,0,5,108853,258.6,63,108853
108853,257541,153561,1.47,1,2,5,257541,157.2,63,190319
11366,257541,108853,2.47,1,5,5,190319,273.4,63,11366
108853,133,382440,2.98,6,5,5,257541,147.3,63,257541
133,133,257541,2.57,1,4,5,190319,26.2,63,190319
2120,153561,153561,0.85,1,0,5,382440,199.3,63,108853
2948,382440,44457,2.19,3,0,5,11366,5.2,63,11366
382440,2120,257541,0.75,1,5,5,108853,185.9,63,108853
108853,382440,190319,2.88,5,0,5,382440,132.2,63,382440
2120,257541,44457,2.1,8,5,5,2120,169.6,63,2120
382440,44457,153561,1.33,1,5,5,11366,99.4,63,11366
133,2120,257541,1.46,1,1,5,11366,279.1,63,11366
2120,2120,11366,1.2,4,4,5,2948,45.2,63,2948
133,190319,257541,2.65,2,4,5,257541,182.1,63,257541
44457,382440,11366,1.07,4,3,5,153561,130.1,63,153561
382440,257541,2948,2.08,3,4,5,133,222.4,63,153561
2120,257541,382440,1.36,3,2,5,2948,141.1,63,2948
2948,133,2120,0.91,4,0,5,44457,94.3,63,11366
11366,2120,44457,1.38,1,5,5,2948,168.1,63,108853
2120,257541,108853,2.32,5,3,5,11366,240.8,63,11366
11366,382440,2948,0.88,1,3,5,153561,65.9,63,153561
44457,153561,44457,1.77,2,1,5,153561,162.5,63,153561
257541,153561,108853,2.96,1,5,5,11366,284.0,63,11366
153561,257541,257541,0.85,3,3,5,108853,146.9,63,108853
2948,257541,133,2.72,6,2,5,44457,298.2,63,153561
108853,133,44457,1.58,3,2,5,190319,85.0,63,190319
2120,382440,44457,2.26,1,0,5,382440,68.8,63,2948
257541,257541,382440,2.94,2,1,5,2948,15.3,63,2948
190319,257541,108853,1.47,5,3,5,153561,179.3,63,153561
133,153561,44457,1.24,1,5,5,2948,0.6,63,2948
133,44457,2948,1.96,2,3,5,11366,180.3,63,11366
44457,2948,153561,0.62,1,2,5,2948,212.0,63,2948
190319,44457,108853,0.62,1,1,5,11366,207.5,63,2948
257541,44457,2948,2.97,4,2,5,133,278.3,63,133
190319,133,190319,2.53,1,3,5,44457,271.0,63,2948
11366,44457,2948,2.01,5,1,5,11366,54.4,63,11366
190319,382440,190319,2.31,1,4,5,108853,74.8,63,108853
108853,153561,2120,1.83,1,0,5,11366,247.0,63,11366
108853,190319,11366,1.09,1,4,5,257541,162.0,63,257541
153561,190319,153561,0.52,1,2,5,44457,223.1,63,153561
382440,190319,133,0.7,1,1,5,11366,81.0,63,190319
382440,257541,257541,2.45,6,3,5,257541,143.0,63,257541
382440,257541,2948,2.7,1,5,5,11366,245.3,63,11366
190319,11366,2120,1.33,3,5,5,2948,124.1,63,2948
133,257541,2120,2.93,1,1,5,11366,95.4,63,11366
153561,44457,11366,1.17,4,4,5,108853,181.0,63,190319
190319,11366,257541,1.62,1,1,5,153561,201.5,63,108853
108853,257541,133,0.65,3,5,5,2120,158.6,63,11366
108853,11366,44457,1.03,5,4,5,11366,85.3,63,11366
11366,257541,133,0.74,1,5,5,11366,107.0,63,11366
257541,108853,153561,1.4,1,5,5,108853,249.8,63,2948
44457,44457,44457,2.99,8,3,5,257541,133.7,63,257541
190319,133,133,2.56,5,5,5,2120,139.9,63,2120
153561,11366,2120,0.77,1,0,5,190319,24.5,63,190319
133,11366,133,0.58,2,2,5,257541,282.6,63,257541
190319,382440,2120,1.81,2,0,5,44457,226.4,63,11366
382440,44457,133,1.97,4,1,5,2120,74.0,63,2120
257541,11366,44457,2.36,1,2,5,382440,266.1,63,382440
108853,44457,11366,0.84,1,3,5,257541,81.7,63,257541
2120,153561,257541,2.2,1,3,5,382440,140.8,63,11366
2948,133,2120,1.78,1,3,5,11366,59.3,63,11366
108853,2948,11366,2.67,1,2,5,133,35.9,63,133
44457,108853,108853,2.16,1,1,5,257541,228.2,63,257541
153561,2120,2948,2.68,3,2,5,44457,73.5,63,133
2948,153561,44457,2.91,1,4,5,108853,258.1,63,108853
2120,257541,11366,1.48,6,1,5,2120,60.8,63,2120
133,133,11366,1.92,1,4,5,382440,5.4,63,382440
382440,11366,190319,1.54,1,0,5,2120,266.2,63,257541
2120,153561,44457,1.54,7,2,5,2120,195.3,63,2120
153561,133,257541,1.62,5,2,5,190319,210.9,63,2948
2120,190319,133,1.87,3,0,5,2120,18.1,63,133
190319,44457,133,2.44,3,2,5,11366,247.5,63,11366
133,2120,190319,1.49,1,1,5,257541,105.5,63,257541
153561,108853,44457,1.2,6,2,5,2120,152.2,63,2120
11366,257541,190319,2.09,5,0,5,2120,178.2,63,2120
133,133,2948,0.84,1,2,5,133,0.5,63,2948
2120,2120,11366,1.8,8,1,5,2120,12.4,63,2120
190319,44457,257541,2.89,1,0,5,108853,55.2,63,108853
382440,153561,2948,1.23,2,3,5,11366,240.4,63,2948
11366,153561,44457,1.2,6,4,5,2120,140.8,63,2120
190319,2948,153561,1.44,8,2,5,190319,112.1,63,190319
2120,11366,133,1.91,2,5,5,257541,126.7,63,257541
44457,11366,2120,2.04,1,2,5,257541,59.1,63,257541
190319,153561,257541,1.34,1,1,5,11366,263.2,63,11366
108853,190319,133,2.3,2,1,5,108853,232.5,63,133
2948,2948,190319,0.84,1,1,5,190319,100.7,63,190319
108853,190319,153561,1.13,4,5,5,44457,94.8,63,2120
257541,108853,108853,0.54,2,4,5,382440,260.9,63,11366
133,108853,108853,2.36,3,0,5,153561,128.4,63,153561
2120,11366,382440,0.55,3,1,5,2948,267.9,63,2948
382440,257541,2120,1.58,1,2,5,382440,137.3,63,382440
2120,2120,257541,0.57,4,5,5,11366,160.0,63,11366
2948,133,2948,1.92,4,5,5,153561,273.9,63,153561
382440,2948,2948,2.38,6,3,5,257541,1.9,63,257541
257541,133,2948,1.5,3,5,5,133,81.1,63,133
11366,257541,108853,0.73,3,3,5,190319,76.6,63,190319
44457,2948,2948,2.42,1,5,5,11366,85.5,63,11366
153561,2948,382440,1.88,1,0,5,133,281.3,63,133
2120,2948,44457,0.85,1,4,5,257541,137.3,63,2948
133,11366,2948,1.35,1,0,5,2120,166.9,63,11366
11366,2948,257541,1.79,6,1,5,257541,131.6,63,257541
133,2120,257541,0.97,4,3,5,11366,31.2,63,11366
133,190319,2120,2.68,1,0,5,11366,255.9,63,2948
190319,190319,382440,2.31,7,5,5,11366,157.6,63,11366
44457,108853,190319,1.87,1,0,5,108853,43.5,63,108853
133,190319,108853,0.76,7,1,5,153561,219.5,63,2120
133,44457,153561,2.28,1,5,5,190319,124.7,63,190319
2948,382440,190319,1.49,2,0,5,133,284.6,63,133
153561,190319,153561,2.22,2,3,5,382440,135.7,63,382440
108853,108853,257541,1.4,3,1,5,11366,125.5,63,11366
2120,153561,382440,1.0,1,0,5,153561,117.3,63,11366
44457,108853,382440,1.28,7,3,5,190319,145.0,63,190319
133,2948,382440,1.36,2,4,5,257541,152.6,63,153561
382440,11366,2948,2.27,5,4,5,2948,98.1,63,2948
133,257541,11366,0.76,8,1,5,11366,13.9,63,2120
153561,2948,153561,2.23,1,0,5,133,115.1,63,108853
153561,257541,382440,2.26,6,4,5,2120,275.5,63,2120
153561,2120,153561,1.28,2,4,5,2120,213.1,63,382440
382440,190319,257541,0.83,1,4,5,11366,106.2,63,11366
133,190319,190319,2.14,8,2,5,153561,159.6,63,2948
190319,108853,2948,2.18,8,2,5,11366,65.5,63,108853
44457,11366,2948,2.57,2,5,5,257541,73.5,63,257541
11366,153561,2120,1.75,4,3,5,2120,118.8,63,2120
257541,190319,2948,1.8,1,2,5,11366,155.5,63,11366
108853,108853,153561,0.58,8,5,5,2120,165.9,63,2120
257541,153561,2948,2.08,3,2,5,2948,59.5,63,2948
11366,2948,108853,2.95,6,4,5,108853,126.4,63,108853
257541,44457,153561,2.8,7,2,5,11366,108.7,63,11366
44457,108853,11366,1.08,4,5,5,133,297.2,63,133
382440,2120,382440,1.83,3,4,5,133,67.9,63,133
108853,153561,133,2.61,2,0,5,190319,224.8,63,257541
133,133,108853,1.99,3,2,5,11366,281.0,63,11366
133,257541,382440,2.34,1,2,5,382440,275.6,63,133
382440,133,44457,1.5,1,1,5,133,228.1,63,133
190319,11366,11366,2.93,7,3,5,190319,49.4,63,2120
108853,2948,153561,0.59,7,5,5,257541,7.6,63,257541
2120,133,2120,1.81,1,2,5,153561,296.8,63,153561
257541,11366,382440,2.97,1,4,5,257541,248.3,63,257541
382440,257541,153561,2.73,1,0,5,2120,125.9,63,2948
44457,108853,108853,2.48,1,1,5,108853,85.0,63,133
2948,190319,153561,1.85,3,2,5,2948,266.5,63,2948
190319,108853,190319,1.45,6,3,5,2948,123.0,63,2948
190319,108853,133,0.8,2,2,5,382440,28.0,63,382440
44457,382440,44457,2.28,2,3,5,257541,299.0,63,257541
2948,133,2120,2.48,1,4,5,108853,166.9,63,257541
2948,382440,153561,0.77,1,4,5,382440,166.4,63,382440
257541,11366,257541,2.32,2,2,5,382440,214.4,63,108853
382440,153561,190319,0.81,1,2,5,2948,182.9,63,382440
133,44457,2948,1.82,1,0,5,108853,68.6,63,108853
190319,257541,44457,0.84,3,0,5,153561,6.9,63,153561
108853,44457,153561,0.96,7,4,5,2120,211.2,63,153561
44457,153561,133,1.57,6,4,5,133,228.7,63,11366
11366,11366,190319,1.6,1,2,5,153561,262.8,63,153561
108853,190319,153561,2.71,4,3,5,11366,136.5,63,11366
382440,153561,153561,1.0,5,4,5,108853,3.8,63,108853
190319,190319,11366,0.96,1,0,5,44457,93.7,63,11366
108853,44457,133,0.95,1,4,5,2120,13.0,63,257541
133,153561,44457,2.96,1,2,5,108853,241.1,63,108853
2948,108853,133,1.68,3,1,5,2948,46.3,63,2948
2120,108853,133,2.56,1,2,5,133,276.5,63,133
44457,133,44457,0.6,2,4,5,382440,117.8,63,382440
108853,44457,133,1.83,6,2,5,2948,160.1,63,2948
257541,257541,44457,2.26,3,3,5,133,295.3,63,133
108853,257541,190319,2.2,1,1,5,382440,0.4,63,108853
2948,382440,257541,1.57,1,4,5,382440,239.8,63,2948
190319,133,2948,2.01,7,0,5,11366,221.8,63,11366
133,153561,133,1.78,2,5,5,11366,290.6,63,11366
2948,108853,153561,1.41,4,2,5,2120,194.1,63,2120
44457,257541,2948,0.87,3,5,5,382440,39.0,63,382440
2948,382440,257541,1.94,1,1,5,190319,118.1,63,190319
2120,2120,257541,2.68,1,1,5,2948,243.4,63,2948
2948,133,11366,2.53,1,5,5,382440,141.9,63,133
44457,108853,257541,0.99,3,2,5,2948,229.8,63,2948
2948,11366,44457,2.37,1,0,5,190319,72.8,63,382440
133,44457,2120,2.65,1,5,5,382440,60.0,63,382440
11366,257541,153561,1.61,1,2,5,257541,247.1,63,11366
44457,2948,190319,1.61,8,1,5,190319,127.5,63,190319
2948,2948,2948,2.59,3,3,5,2948,20.0,63,2948
44457,153561,2120,2.26,3,0,5,190319,173.5,63,190319
153561,153561,108853,1.97,1,2,5,2120,239.0,63,257541
2948,2120,153561,2.76,1,0,5,153561,121.3,63,2948
108853,190319,382440,0.92,6,1,5,2120,94.7,63,2120
108853,190319,11366,2.99,3,4,5,382440,278.9,63,382440
190319,133,190319,1.75,1,3,5,190319,157.3,63,190319
382440,153561,108853,2.39,4,3,5,11366,103.3,63,11366
382440,190319,257541,2.35,1,2,5,11366,138.9,63,108853
153561,133,108853,0.55,1,4,5,133,202.8,63,133
108853,382440,382440,0.94,6,2,5,2120,246.7,63,2120
2948,108853,108853,2.72,3,5,5,133,275.2,63,133
382440,133,2120,2.53,3,5,5,257541,282.5,63,382440
257541,2948,11366,0.55,2,0,5,2948,212.5,63,2948
108853,11366,44457,2.15,2,2,5,2948,271.3,63,2948
190319,2120,257541,1.27,3,1,5,2948,94.0,63,2948
2948,11366,11366,1.93,7,2,5,2948,259.6,63,2120
257541,11366,382440,1.85,3,3,5,382440,239.8,63,11366
11366,108853,2120,1.61,5,1,5,190319,121.9,63,190319
382440,108853,11366,1.1,4,2,5,2948,139.3,63,2948
133,11366,2120,1.39,2,3,5,382440,23.8,63,11366
382440,2120,190319,1.9,7,2,5,257541,183.1,63,257541
382440,257541,2120,2.98,2,3,5,133,170.7,63,133
153561,44457,153561,1.46,1,1,5,190319,129.8,63,190319
257541,133,133,1.99,3,0,5,108853,13.3,63,153561
108853,2948,382440,2.82,1,3,5,11366,251.6,63,11366
2120,11366,2948,2.45,2,3,5,11366,287.2,63,257541
44457,190319,2120,1.13,7,1,5,382440,143.6,63,382440
2948,190319,382440,1.39,4,2,5,2120,183.0,63,2120
190319,108853,257541,1.65,1,3,5,108853,285.1,63,108853
108853,44457,11366,2.46,1,0,5,2948,202.9,63,2948
11366,257541,44457,1.1,1,5,5,133,188.3,63,153561
133,2948,190319,1.46,1,3,5,2948,53.1,63,2948
190319,2948,2120,1.53,6,2,5,133,159.7,63,257541
190319,44457,153561,2.59,2,5,5,133,197.2,63,133
382440,44457,153561,2.07,3,0,5,11366,66.6,63,108853
153561,153561,11366,1.31,1,4,5,2948,97.8,63,2948
2948,44457,153561,2.96,1,2,5,11366,184.6,63,11366
11366,11366,190319,0.67,2,1,5,382440,205.4,63,382440
382440,44457,257541,0.99,1,5,5,108853,38.3,63,257541
133,382440,11366,1.32,3,5,5,2948,139.6,63,2948
2120,133,108853,1.45,2,2,5,133,264.1,63,133
108853,133,44457,1.6,1,0,5,2948,203.6,63,2948
190319,153561,108853,2.47,4,4,5,2948,191.9,63,2948
108853,11366,153561,1.91,1,1,5,2120,120.6,63,133
382440,382440,382440,2.54,6,0,5,153561,197.5,63,153561
133,11366,11366,2.73,5,4,5,257541,6.5,63,257541
2120,2948,153561,1.17,4,5,5,2120,233.9,63,2120
133,153561,382440,1.53,2,3,5,133,275.0,63,133
382440,257541,257541,2.79,1,2,5,108853,136.6,63,108853
2948,11366,108853,1.21,8,5,5,382440,286.8,63,382440
2948,2948,2120,2.73,2,0,5,257541,292.8,63,257541
382440,153561,257541,2.34,1,0,5,133,73.3,63,133
108853,153561,190319,1.82,4,2,5,190319,223.5,63,190319
190319,382440,2120,1.74,2,0,5,108853,57.9,63,108853
11366,2120,108853,2.66,3,1,5,11366,9.4,63,11366
257541,108853,108853,2.53,4,2,5,190319,151.8,63,190319
108853,153561,11366,1.49,1,2,5,11366,106.7,63,11366
190319,133,108853,0.91,2,0,5,257541,214.1,63,257541
108853,190319,11366,1.27,2,5,5,108853,204.3,63,108853
2948,108853,44457,1.06,3,0,5,133,174.0,63,11366
190319,153561,190319,2.71,5,4,5,190319,62.6,63,11366
257541,108853,11366,2.28,5,3,5,153561,3.9,63,2120
108853,2120,108853,2.88,2,2,5,153561,140.6,63,153561
133,44457,108853,1.58,1,0,5,257541,99.7,63,257541
382440,2948,190319,0.97,1,3,5,133,224.1,63,133
2948,382440,44457,0.55,8,1,5,133,148.9,63,133
153561,44457,108853,2.73,3,3,5,2948,295.5,63,2948
2948,11366,257541,0.71,4,0,5,190319,60.4,63,190319
190319,2948,11366,1.93,8,1,5,382440,238.1,63,382440
153561,2120,44457,1.07,3,5,5,257541,157.2,63,257541
11366,133,2120,0.64,1,2,5,382440,12.2,63,382440
2120,2948,2948,2.16,1,1,5,2120,39.7,63,108853
133,190319,382440,2.68,1,2,5,133,58.5,63,133
2120,2120,190319,0.98,1,4,5,153561,230.6,63,153561
11366,257541,108853,1.18,4,3,5,2120,148.8,63,2120
382440,190319,108853,2.75,5,0,5,2948,103.6,63,2948
190319,108853,2948,1.94,3,2,5,133,61.6,63,2948
2948,153561,2948,1.32,1,4,5,11366,132.0,63,11366
2948,133,108853,2.24,6,3,5,382440,62.6,63,11366
11366,382440,133,0.71,4,2,5,133,77.2,63,133
108853,11366,153561,2.43,8,5,5,382440,34.3,63,382440
2948,133,153561,2.04,1,5,5,153561,102.2,63,153561
108853,190319,257541,2.62,3,2,5,2948,27.2,63,2948
108853,108853,2948,2.69,1,1,5,153561,82.1,63,2948
133,44457,44457,1.99,1,2,5,382440,232.0,63,382440
44457,2120,44457,1.28,5,5,5,257541,33.5,63,382440
44457,133,153561,2.74,4,1,5,44457,98.0,63,2948
11366,257541,153561,0.63,8,1,5,2948,82.0,63,2948
11366,2120,153561,2.48,7,0,5,2120,181.3,63,2120
108853,382440,382440,2.12,1,3,5,2120,108.5,63,257541
11366,190319,257541,1.03,3,5,5,153561,32.6,63,11366
11366,2120,2948,2.89,1,0,5,44457,30.7,63,153561
11366,44457,133,0.52,8,4,5,2948,164.3,63,2120
2948,153561,11366,2.85,2,0,5,11366,109.6,63,11366
11366,153561,133,1.77,3,2,5,2948,177.3,63,2948
133,108853,382440,1.51,1,4,5,11366,50.9,63,11366
2120,190319,2948,1.45,8,0,5,2120,170.7,63,2120
382440,190319,108853,0.81,2,0,5,11366,83.7,63,190319
153561,190319,11366,1.75,6,1,5,133,60.7,63,382440
2948,2948,44457,2.28,7,0,5,2120,39.2,63,2120
153561,257541,382440,0.81,4,5,5,2120,14.5,63,2120
2120,382440,2120,2.82,1,2,5,2948,109.6,63,2948
257541,11366,108853,2.72,3,0,5,11366,267.0,63,11366
108853,108853,2120,1.28,3,0,5,2948,18.2,63,153561
382440,108853,153561,2.07,3,5,5,133,131.6,63,133
382440,44457,153561,0.53,1,4,5,153561,249.1,63,2948
108853,108853,257541,0.69,2,5,5,2948,109.6,63,2948
2948,190319,190319,1.17,7,3,5,133,51.1,63,257541
2948,257541,382440,2.2,3,1,5,11366,63.7,63,11366
190319,2948,11366,2.97,3,3,5,108853,144.3,63,108853
382440,190319,257541,2.48,1,1,5,2948,249.0,63,2948
190319,2120,44457,1.18,3,2,5,11366,218.0,63,11366
257541,382440,257541,1.14,1,1,5,133,246.2,63,133
2948,108853,382440,1.36,3,5,5,257541,26.0,63,257541
2120,2948,108853,0.85,3,5,5,2948,265.8,63,2948
11366,190319,190319,1.38,2,5,5,2948,247.9,63,2948
2120,190319,153561,0.56,6,1,5,2948,47.4,63,2948
382440,133,108853,2.1,6,4,5,11366,166.0,63,11366
133,257541,44457,1.47,1,4,5,190319,125.1,63,133
11366,2948,133,1.64,1,1,5,257541,265.2,63,133
108853,11366,44457,1.89,3,2,5,11366,206.5,63,2948
11366,2120,2948,1.13,6,5,5,382440,196.9,63,382440
108853,11366,153561,0.78,1,1,5,2948,26.7,63,153561
2948,44457,2948,2.28,7,0,5,2948,220.7,63,2948
2120,44457,382440,2.84,3,1,5,2948,296.3,63,2948
382440,2948,108853,1.71,1,1,5,11366,45.1,63,11366
11366,382440,190319,0.81,3,2,5,2948,146.7,63,2948
190319,382440,2120,2.48,1,4,5,11366,18.2,63,11366
108853,44457,2120,0.89,1,2,5,133,213.6,63,11366
2120,2120,44457,2.38,2,1,5,153561,162.6,63,153561
133,257541,2948,1.63,2,5,5,2948,162.8,63,2948
2120,133,2120,0.71,5,4,5,153561,228.1,63,153561
190319,190319,190319,0.66,7,4,5,257541,47.2,63,382440
153561,133,382440,1.39,1,0,5,2948,37.2,63,2948
2120,2120,108853,1.76,1,4,5,2948,268.7,63,2948
2120,44457,257541,2.92,3,0,5,11366,163.8,63,11366
11366,2948,257541,2.51,4,4,5,190319,162.2,63,190319
153561,2948,133,1.77,4,0,5,108853,86.7,63,108853
2120,133,11366,2.71,4,1,5,11366,40.6,63,11366
153561,108853,44457,1.05,8,5,5,2120,58.4,63,2120
2948,11366,382440,1.05,1,5,5,11366,161.8,63,11366
257541,44457,2948,0.54,1,3,5,2948,165.6,63,2948
2120,257541,133,2.67,1,4,5,153561,189.2,63,153561
2120,2948,382440,2.67,7,1,5,2120,104.4,63,108853
108853,44457,108853,2.02,1,5,5,257541,130.8,63,257541
257541,382440,11366,2.08,6,4,5,2120,184.0,63,2120
153561,2948,153561,0.61,1,2,5,2948,233.6,63,11366
133,190319,2120,2.78,6,4,5,153561,97.6,63,153561
133,2120,257541,1.06,8,2,5,2948,122.2,63,133
11366,44457,257541,2.63,8,3,5,382440,80.8,63,11366
2948,257541,2948,1.99,6,4,5,11366,233.4,63,2120
153561,153561,382440,2.69,1,4,5,153561,114.3,63,153561
382440,133,190319,0.76,1,5,5,11366,230.0,63,11366
2120,2948,2120,0.92,5,3,5,2948,36.3,63,2948
2120,153561,133,1.77,1,3,5,2948,15.1,63,2948
153561,153561,382440,2.15,5,1,5,2120,203.6,63,2120
2120,190319,2120,1.72,5,1,5,108853,218.9,63,257541
257541,153561,190319,0.8,3,5,5,11366,105.1,63,11366
2120,108853,257541,1.34,2,1,5,108853,79.3,63,108853
44457,257541,11366,2.82,1,0,5,153561,141.1,63,153561
2120,11366,2948,1.16,1,4,5,133,24.3,63,133
382440,257541,382440,0.77,1,5,5,382440,221.2,63,382440
44457,153561,133,1.24,1,3,5,190319,56.0,63,190319
190319,11366,44457,1.13,1,3,5,257541,99.5,63,257541
382440,108853,133,2.77,1,5,5,44457,10.6,63,108853
11366,257541,108853,0.64,1,1,5,2948,22.8,63,2948
108853,153561,44457,2.0,1,1,5,11366,246.8,63,257541
190319,133,108853,2.64,1,4,5,108853,287.6,63,108853
108853,2120,382440,0.93,5,4,5,2120,90.4,63,2120
2120,2120,153561,1.65,3,1,5,190319,218.4,63,257541
190319,133,382440,1.03,2,2,5,108853,186.9,63,382440
2948,11366,133,1.46,2,4,5,108853,15.0,63,108853
2948,2120,108853,1.57,4,3,5,2948,42.5,63,2948
257541,108853,44457,2.9,2,1,5,133,68.9,63,133
190319,153561,108853,1.23,1,1,5,153561,235.4,63,153561
153561,257541,382440,1.49,3,0,5,11366,272.0,63,11366
2948,133,190319,1.66,8,3,5,2948,290.1,63,2948
2948,133,133,0.8,6,5,5,190319,65.1,63,190319
133,153561,108853,1.44,3,5,5,190319,212.4,63,190319
11366,2948,153561,2.94,7,2,5,382440,170.7,63,382440
382440,257541,382440,0.7,1,2,5,11366,130.3,63,11366
190319,153561,2948,2.15,2,5,5,2948,178.2,63,382440
133,190319,44457,1.46,2,5,5,257541,38.0,63,133
2120,44457,2120,2.61,3,3,5,2120,161.4,63,190319
108853,257541,382440,2.4,1,2,5,190319,242.9,63,190319
108853,11366,382440,0.58,7,3,5,133,115.6,63,133
153561,11366,108853,1.33,1,1,5,190319,72.0,63,190319
382440,11366,11366,1.53,8,2,5,108853,290.7,63,108853
190319,257541,44457,1.18,1,5,5,2948,178.9,63,2948
2120,382440,153561,2.49,3,1,5,11366,12.0,63,11366
11366,190319,257541,1.08,1,2,5,11366,10.5,63,11366
257541,44457,2120,1.13,3,3,5,2948,200.4,63,2948
11366,108853,11366,1.12,1,1,5,2948,145.7,63,2948
2948,2120,257541,1.12,1,3,5,153561,192.2,63,153561
108853,2948,133,2.09,1,0,5,2948,74.8,63,2948
153561,190319,11366,2.33,2,0,5,11366,62.0,63,11366
133,153561,382440,1.83,2,0,5,133,275.0,63,133
190319,108853,2948,1.89,8,1,5,2948,169.9,63,2948
257541,133,190319,0.7,2,0,5,2948,71.4,63,2948
2948,2120,11366,1.16,1,5,5,11366,247.4,63,133
2948,2120,382440,2.44,1,0,5,11366,199.1,63,11366
257541,153561,11366,1.93,3,4,5,257541,149.2,63,11366
108853,382440,2120,2.22,1,0,5,153561,26.7,63,153561
2948,257541,108853,2.64,1,5,5,2948,88.5,63,2948
11366,190319,44457,2.53,2,5,5,133,271.3,63,108853
44457,257541,190319,0.53,2,2,5,44457,94.7,63,11366
2120,190319,108853,2.52,1,1,5,2120,232.0,63,2948
44457,108853,108853,0.69,4,5,5,108853,113.3,63,108853
133,190319,2120,1.64,4,0,5,133,77.0,63,133
382440,2948,2120,2.72,4,0,5,2120,192.0,63,2120
153561,44457,133,0.65,1,3,5,11366,18.5,63,257541
44457,2948,190319,1.31,1,0,5,382440,153.9,63,257541
257541,153561,44457,2.69,7,1,5,133,19.0,63,133
190319,108853,44457,2.93,1,2,5,2948,2.8,63,2948
382440,133,190319,0.75,6,2,5,153561,222.8,63,153561
108853,2948,108853,2.99,1,5,5,382440,92.0,63,382440
153561,190319,44457,1.83,3,4,5,133,222.7,63,133
2120,382440,133,1.54,1,1,5,11366,227.0,63,11366
2120,153561,11366,2.97,2,4,5,382440,136.1,63,382440
153561,153561,108853,1.46,3,5,5,2948,234.1,63,2948
382440,382440,2948,0.71,3,5,5,108853,144.7,63,108853
257541,382440,108853,2.35,1,5,5,257541,81.3,63,257541
382440,257541,153561,2.29,1,4,5,2948,72.3,63,2948
190319,2948,382440,0.83,7,1,5,11366,284.5,63,11366
11366,257541,190319,2.23,2,1,5,2948,146.6,63,2948
190319,153561,153561,2.21,1,4,5,2948,275.6,63,2948
108853,44457,133,0.82,3,0,5,190319,103.9,63,190319
2120,257541,257541,1.84,2,0,5,153561,144.5,63,153561
190319,2120,133,1.95,1,0,5,2948,232.8,63,2948
382440,257541,133,0.67,1,5,5,153561,127.3,63,153561
382440,153561,2948,2.77,1,3,5,382440,68.0,63,382440
257541,2120,108853,0.7,1,3,5,133,145.7,63,2948
190319,257541,190319,0.89,4,5,5,11366,276.5,63,11366
133,2120,382440,1.52,1,3,5,153561,22.9,63,153561
257541,257541,153561,2.97,3,3,5,11366,228.6,63,11366
108853,257541,2948,0.64,1,1,5,382440,234.1,63,382440
153561,2948,133,2.91,3,1,5,153561,142.0,63,153561
153561,44457,257541,2.07,1,4,5,133,69.4,63,133
2120,108853,153561,1.91,1,3,5,133,187.3,63,133
11366,11366,44457,1.79,3,2,5,11366,31.7,63,11366
108853,2948,382440,0.91,8,2,5,2948,222.2,63,2120
257541,190319,2948,0.53,2,4,5,2948,132.9,63,2948
153561,11366,382440,1.88,2,0,5,382440,206.2,63,153561
382440,11366,190319,2.06,1,4,5,382440,170.3,63,382440
133,190319,382440,1.6,7,1,5,190319,177.1,63,11366
11366,11366,44457,2.13,1,3,5,257541,122.5,63,257541
257541,382440,108853,1.02,4,3,5,11366,126.4,63,257541
11366,133,257541,2.25,2,4,5,108853,189.1,63,190319
44457,2120,190319,2.22,6,3,5,190319,83.5,63,190319
2948,190319,133,1.17,5,3,5,257541,267.1,63,257541
11366,190319,153561,2.71,1,0,5,257541,24.3,63,153561
44457,190319,133,0.55,3,4,5,382440,57.5,63,2948
190319,108853,108853,2.48,5,0,5,133,58.8,63,133
44457,44457,2948,2.25,1,0,5,2948,86.7,63,2948
11366,257541,257541,2.19,1,2,5,2948,185.2,63,2948
190319,382440,108853,2.77,2,5,5,44457,86.7,63,257541
133,153561,257541,0.89,1,0,5,257541,195.2,63,257541
2948,11366,153561,0.62,3,1,5,108853,248.1,63,108853
257541,190319,153561,0.88,3,4,5,133,150.9,63,133
2948,133,382440,2.32,8,1,5,2948,65.3,63,133
108853,11366,133,1.86,1,4,5,382440,89.8,63,11366
11366,133,44457,0.59,3,3,5,11366,164.9,63,11366
190319,2948,133,2.05,8,0,5,11366,126.6,63,11366
133,257541,2948,2.44,1,0,5,382440,190.2,63,382440
2948,2948,44457,2.1,5,4,5,2120,112.7,63,2120
190319,108853,153561,1.72,2,1,5,2948,133.3,63,2948
133,44457,153561,1.34,1,4,5,190319,153.1,63,190319
2948,153561,133,0.68,2,0,5,190319,209.2,63,190319
190319,11366,2948,2.53,3,5,5,190319,56.9,63,190319
133,2948,257541,0.61,1,4,5,257541,82.2,63,257541
133,2948,190319,0.78,3,3,5,108853,238.3,63,108853
133,190319,257541,2.72,1,5,5,2948,150.3,63,2948
108853,257541,133,2.11,1,1,5,2948,248.8,63,2948
11366,2948,257541,2.78,2,4,5,2120,10.3,63,153561
190319,133,108853,1.99,2,1,5,382440,71.8,63,108853
2120,153561,133,1.56,1,3,5,44457,18.1,63,190319
190319,2120,257541,1.01,2,2,5,11366,181.5,63,11366
153561,133,190319,1.6,3,5,5,133,117.5,63,133
2948,44457,44457,2.36,1,1,5,2120,8.2,63,257541
11366,108853,153561,2.17,7,2,5,190319,161.2,63,190319
11366,108853,133,1.03,3,3,5,257541,11.7,63,190319
153561,2120,11366,1.25,1,3,5,2948,10.9,63,2948
11366,382440,2120,0.51,2,3,5,153561,229.7,63,153561
2120,133,382440,1.63,3,2,5,2948,44.1,63,2948
2948,382440,153561,2.64,3,3,5,2948,134.8,63,2948
382440,2120,382440,1.22,1,0,5,2120,172.4,63,190319
133,153561,44457,0.66,2,4,5,153561,4.2,63,153561
2120,44457,382440,2.29,5,3,5,2948,232.1,63,2948
44457,44457,11366,1.04,4,4,5,153561,133.7,63,382440
44457,382440,44457,1.12,1,3,5,257541,194.3,63,11366
190319,133,11366,1.06,8,2,5,11366,23.5,63,2120
11366,382440,2948,0.9,6,0,5,153561,285.2,63,2120
257541,133,382440,0.71,7,4,5,2120,8.3,63,2120
108853,44457,2948,2.07,1,5,5,2948,268.2,63,2948
382440,382440,153561,2.27,2,1,5,2948,216.2,63,2948
2948,153561,382440,1.26,4,0,5,11366,59.4,63,11366
108853,44457,44457,2.18,1,1,5,257541,58.3,63,108853
257541,133,2948,1.29,1,4,5,2120,240.9,63,11366
108853,190319,257541,0.69,5,2,5,2120,63.6,63,2120
153561,44457,44457,2.93,1,2,5,11366,205.7,63,11366
44457,382440,190319,1.62,1,4,5,257541,234.2,63,257541
44457,133,382440,2.73,5,2,5,2948,123.8,63,2948
108853,153561,382440,1.51,1,0,5,11366,84.5,63,133
44457,108853,133,2.36,1,3,5,133,58.1,63,133
11366,153561,153561,2.36,7,1,5,108853,178.0,63,2948
11366,2948,153561,0.71,7,4,5,2120,57.7,63,2120
153561,153561,44457,0.85,1,4,5,2120,44.3,63,133
108853,190319,108853,2.59,1,5,5,2948,252.0,63,2948
382440,257541,382440,0.65,6,1,5,11366,43.5,63,11366
2120,190319,382440,1.32,7,4,5,257541,174.8,63,257541
153561,2948,44457,2.64,7,2,5,190319,36.4,63,257541
382440,2120,11366,0.96,2,4,5,108853,188.6,63,108853
257541,2948,190319,2.24,8,0,5,190319,77.5,63,190319
11366,2948,190319,1.52,5,5,5,2120,64.9,63,2120
2120,257541,11366,2.98,6,2,5,2120,283.3,63,2120
153561,11366,153561,0.5,2,2,5,11366,229.2,63,11366
2120,133,382440,0.88,1,2,5,153561,168.6,63,153561
11366,133,108853,2.1,1,2,5,11366,222.4,63,11366
153561,257541,2948,2.38,5,4,5,257541,163.4,63,257541
2120,44457,11366,2.28,3,3,5,108853,275.4,63,108853
2948,257541,133,1.22,1,4,5,2948,66.2,63,2948
153561,2948,2120,1.73,2,5,5,2948,10.3,63,257541
190319,2948,108853,0.68,7,4,5,2948,233.5,63,2948
2120,44457,190319,1.76,6,0,5,382440,44.5,63,382440
2120,257541,382440,0.87,1,4,5,133,141.4,63,133
11366,11366,2120,2.51,5,1,5,382440,0.5,63,133
2948,11366,2948,2.19,1,2,5,2948,108.5,63,2948
11366,133,44457,1.59,2,4,5,190319,165.7,63,190319
108853,133,190319,2.62,1,5,5,153561,202.6,63,153561
153561,44457,11366,2.54,6,5,5,2120,117.7,63,2120
2948,2948,190319,0.85,3,1,5,190319,0.1,63,190319
108853,257541,2120,2.91,3,4,5,257541,75.5,63,257541
257541,108853,11366,0.76,3,3,5,44457,230.8,63,11366
382440,382440,44457,1.31,1,0,5,153561,240.0,63,153561
190319,153561,108853,2.92,2,4,5,190319,276.8,63,382440
153561,257541,133,2.64,6,4,5,2120,291.1,63,2120
382440,2948,11366,2.08,1,1,5,108853,184.4,63,108853
133,190319,257541,0.89,7,0,5,2120,279.7,63,2120
108853,133,2120,2.1,7,3,5,190319,54.1,63,190319
11366,44457,2120,0.6,2,0,5,153561,163.9,63,153561
153561,2948,190319,1.33,1,1,5,382440,174.4,63,382440
2948,2948,133,2.57,6,1,5,190319,89.6,63,190319
133,2948,44457,2.21,7,5,5,257541,128.2,63,2120
257541,190319,11366,1.4,1,2,5,190319,180.7,63,190319
382440,133,11366,1.51,4,2,5,2120,138.8,63,2120
44457,153561,257541,1.63,2,1,5,2948,80.3,63,2948
382440,44457,133,2.24,8,1,5,2948,152.4,63,2948
11366,153561,2120,2.13,1,2,5,11366,267.6,63,11366
382440,2948,190319,1.21,1,3,5,2948,112.7,63,2948
257541,11366,133,2.63,3,0,5,2948,147.1,63,2948
133,44457,11366,2.61,5,5,5,2120,290.4,63,2120
2120,133,11366,0.68,4,0,5,2120,226.3,63,2120
44457,382440,382440,1.45,1,5,5,2948,291.3,63,2948
382440,257541,190319,0.81,1,0,5,382440,51.5,63,382440
44457,11366,2948,2.24,8,0,5,11366,225.9,63,11366
11366,2120,2120,1.76,3,4,5,153561,238.8,63,153561
190319,11366,2948,2.69,1,4,5,190319,252.8,63,190319
382440,108853,382440,0.54,3,0,5,2948,230.2,63,2948
190319,44457,257541,0.67,4,3,5,2120,188.2,63,2120
382440,382440,2120,0.9,1,0,5,11366,48.9,63,11366
2120,133,382440,2.87,1,3,5,133,71.4,63,133
153561,2120,382440,2.08,5,2,5,153561,35.7,63,108853
257541,190319,44457,2.74,2,4,5,382440,160.0,63,382440
190319,382440,190319,0.82,8,2,5,2948,221.9,63,2948
108853,2120,108853,2.36,3,1,5,257541,224.1,63,257541
2120,2120,153561,0.92,3,1,5,257541,266.8,63,257541
190319,11366,382440,2.45,1,5,5,2948,143.1,63,2948
2120,133,2120,2.5,2,3,5,382440,138.4,63,382440
44457,257541,2948,2.28,1,0,5,153561,154.1,63,133
2948,382440,44457,1.5,5,5,5,257541,205.9,63,257541
153561,44457,190319,2.13,5,3,5,153561,143.0,63,153561
108853,257541,2120,1.49,2,5,5,382440,164.4,63,382440
108853,2120,257541,2.16,2,3,5,257541,145.1,63,11366
2948,257541,190319,2.59,4,5,5,190319,84.1,63,190319
382440,257541,44457,1.55,3,1,5,153561,2.6,63,153561
108853,44457,2120,2.69,5,5,5,11366,28.1,63,11366
190319,133,190319,2.76,1,5,5,2948,116.8,63,2948
2948,11366,11366,1.26,4,0,5,133,74.7,63,153561
108853,133,2948,0.88,4,1,5,190319,114.1,63,11366
2948,133,11366,2.18,1,1,5,382440,52.2,63,382440
2120,108853,257541,2.18,1,5,5,2948,47.9,63,11366
133,108853,153561,2.48,3,1,5,11366,64.5,63,11366
257541,382440,190319,2.0,1,3,5,2948,76.2,63,2948
382440,382440,108853,0.5,4,2,5,2120,57.9,63,2120
44457,108853,2948,2.09,6,2,5,190319,256.2,63,108853
190319,133,153561,1.28,1,0,5,108853,245.1,63,108853
11366,257541,108853,2.94,3,3,5,11366,219.1,63,11366
190319,108853,44457,1.26,3,4,5,2948,3.5,63,257541
382440,257541,108853,1.26,3,0,5,153561,292.1,63,108853
190319,153561,257541,2.14,1,5,5,382440,240.2,63,382440
190319,11366,257541,0.57,5,2,5,382440,258.2,63,382440
382440,44457,190319,1.68,1,5,5,2948,184.3,63,2948
2120,257541,153561,2.44,5,0,5,133,269.8,63,133
11366,133,2120,1.91,4,1,5,382440,192.7,63,2120
108853,108853,108853,1.89,1,0,5,133,42.8,63,133
108853,257541,11366,2.84,2,3,5,153561,105.6,63,153561
2120,382440,2948,1.13,1,0,5,2948,261.5,63,2948
153561,44457,108853,1.71,6,4,5,2948,296.1,63,2948
2948,382440,2948,0.56,6,4,5,2120,236.0,63,2120
153561,133,2948,1.77,6,5,5,44457,37.5,63,2120
153561,190319,44457,2.54,1,1,5,257541,41.4,63,257541
382440,190319,190319,1.46,2,2,5,190319,56.7,63,190319
2948,11366,133,2.76,1,4,5,2948,22.9,63,2948
11366,2948,133,1.01,1,5,5,382440,127.7,63,108853
153561,382440,382440,1.84,7,1,5,382440,260.5,63,11366
190319,108853,382440,2.91,1,1,5,11366,13.4,63,11366
44457,108853,11366,0.87,5,2,5,11366,110.2,63,11366
2948,2120,153561,1.33,6,1,5,2120,89.7,63,190319
133,382440,190319,2.7,1,2,5,108853,58.6,63,153561
153561,257541,190319,1.91,8,1,5,153561,94.3,63,257541
2120,11366,133,2.19,3,3,5,44457,83.5,63,11366
2120,257541,44457,2.62,1,0,5,190319,13.5,63,190319
257541,11366,11366,2.04,1,5,5,11366,167.8,63,11366
257541,382440,44457,0.91,2,4,5,11366,38.6,63,11366
11366,382440,44457,2.51,3,5,5,190319,119.6,63,190319
190319,2120,2120,2.81,1,3,5,257541,72.3,63,257541
108853,190319,153561,2.9,3,3,5,108853,14.9,63,108853
190319,133,382440,0.56,1,2,5,2120,141.0,63,108853
153561,382440,382440,0.84,6,3,5,133,112.5,63,133
2120,44457,190319,2.8,5,1,5,153561,184.8,63,153561
2120,2948,44457,2.74,6,3,5,2948,136.1,63,2948
257541,257541,2948,0.91,1,5,5,382440,100.9,63,153561
2948,2948,2120,2.96,2,3,5,11366,96.7,63,11366
257541,2120,44457,1.09,2,2,5,2948,271.9,63,2948
44457,2120,11366,1.34,4,0,5,44457,29.6,63,257541
190319,257541,382440,2.26,1,3,5,257541,220.7,63,257541
382440,153561,2120,2.53,3,1,5,108853,44.5,63,108853
382440,382440,257541,2.69,1,3,5,108853,230.3,63,108853
44457,190319,257541,2.89,1,3,5,2948,233.1,63,2948
257541,153561,153561,1.44,2,1,5,2948,54.3,63,2948
190319,382440,257541,0.69,3,4,5,257541,40.3,63,257541
153561,11366,2948,1.11,3,3,5,2948,233.0,63,2948
44457,257541,108853,1.28,2,0,5,153561,169.9,63,382440
257541,257541,108853,1.15,2,3,5,2948,295.3,63,257541
11366,257541,44457,1.91,1,0,5,190319,87.8,63,190319
153561,11366,108853,1.92,1,1,5,11366,10.8,63,11366
133,44457,257541,2.74,3,0,5,2948,243.8,63,2948
2948,190319,257541,1.51,2,2,5,2948,172.0,63,2948
190319,108853,11366,2.66,3,1,5,2948,206.9,63,11366
2120,44457,153561,0.6,6,1,5,133,118.5,63,257541
382440,257541,133,2.9,2,2,5,44457,24.3,63,153561
2120,190319,2948,0.64,5,0,5,382440,273.4,63,382440
44457,2120,11366,1.7,1,4,5,2948,239.9,63,2948
382440,133,153561,1.93,1,0,5,190319,296.9,63,11366
2948,133,382440,1.67,8,1,5,11366,226.6,63,11366
2120,44457,190319,2.83,8,0,5,153561,235.8,63,2120
44457,190319,190319,1.59,1,5,5,108853,46.7,63,108853
2120,11366,153561,2.51,5,2,5,2120,269.5,63,2120
2120,108853,257541,1.68,8,4,5,11366,36.5,63,11366
382440,2948,2120,2.88,8,4,5,11366,161.1,63,2948
11366,382440,257541,2.81,5,2,5,2948,101.5,63,153561
153561,133,2120,2.71,1,5,5,11366,96.4,63,11366
153561,257541,2948,2.44,1,3,5,2948,18.0,63,2948
44457,257541,44457,2.76,1,1,5,133,199.0,63,133
44457,382440,11366,0.73,6,2,5,2948,113.7,63,2948
382440,108853,2948,0.87,4,5,5,153561,283.4,63,153561
257541,153561,190319,0.59,8,2,5,153561,264.9,63,153561
133,190319,153561,2.86,3,0,5,190319,62.7,63,190319
2948,153561,44457,2.94,4,2,5,2120,274.7,63,2948
190319,44457,2948,0.59,1,0,5,2948,4.3,63,2948
2948,44457,133,1.42,1,4,5,133,208.8,63,133
133,257541,133,2.15,3,4,5,153561,68.3,63,2948
190319,190319,190319,2.45,1,4,5,11366,40.5,63,11366
2120,133,153561,1.53,7,3,5,190319,285.4,63,2948
44457,11366,257541,2.93,8,1,5,2120,237.0,63,153561
2948,133,382440,0.87,5,2,5,133,58.2,63,133
2120,44457,108853,1.49,5,3,5,2948,138.6,63,257541
133,108853,190319,1.32,2,0,5,2948,238.2,63,2948
153561,153561,257541,2.27,8,3,5,2948,150.4,63,2948
44457,153561,2120,2.5,5,4,5,2120,290.4,63,2120
44457,11366,44457,2.29,1,2,5,2948,132.6,63,2948
44457,190319,44457,1.81,1,4,5,11366,293.5,63,11366
108853,153561,108853,1.25,8,3,5,2120,295.1,63,2120
11366,11366,108853,1.35,6,1,5,133,262.5,63,382440
190319,44457,190319,0.91,5,0,5,2120,116.0,63,2120
153561,257541,2948,1.36,3,5,5,11366,222.0,63,190319
153561,2948,153561,2.61,2,1,5,2948,286.3,63,2948
2948,108853,190319,2.15,6,3,5,2120,3.4,63,2120
108853,44457,2948,1.06,1,0,5,11366,74.9,63,11366
2120,2120,257541,2.35,2,4,5,133,0.1,63,133
382440,108853,44457,1.14,1,4,5,382440,246.5,63,382440
382440,44457,190319,0.93,1,3,5,108853,236.2,63,108853
11366,2120,257541,2.28,6,1,5,2120,39.7,63,2120
257541,190319,133,1.62,2,1,5,2120,124.8,63,2948
133,153561,2120,1.4,5,2,5,133,179.2,63,2120
190319,108853,108853,2.18,1,1,5,108853,187.9,63,108853
2120,190319,2120,1.45,3,0,5,11366,171.4,63,11366
2120,44457,257541,0.58,5,5,5,153561,216.3,63,153561
11366,190319,11366,2.04,2,4,5,11366,106.6,63,133
44457,382440,382440,2.34,1,4,5,2948,33.0,63,2948
108853,108853,257541,1.81,1,3,5,2948,46.1,63,2948
11366,190319,2948,2.49,2,0,5,153561,127.2,63,153561
108853,2948,11366,2.08,2,5,5,2948,251.5,63,2948
190319,382440,133,2.64,2,1,5,2948,74.1,63,2948
11366,382440,11366,1.5,1,1,5,190319,293.7,63,190319
108853,2948,2948,2.69,6,2,5,153561,82.3,63,2948
153561,257541,382440,2.05,3,3,5,2948,27.4,63,2948
190319,382440,11366,1.27,1,0,5,11366,102.5,63,11366
133,2120,11366,0.88,1,3,5,2948,143.1,63,2948
108853,11366,2948,2.78,1,3,5,11366,122.4,63,11366
190319,257541,2120,1.1,8,0,5,190319,64.2,63,190319
190319,2948,133,2.18,1,1,5,2948,65.5,63,2948
133,108853,108853,2.95,8,0,5,2120,225.1,63,2120
190319,133,44457,1.06,4,3,5,2948,136.5,63,2948
11366,382440,2948,2.59,2,2,5,11366,40.4,63,11366
44457,2948,382440,0.74,1,5,5,382440,75.8,63,190319
2948,44457,190319,2.13,1,0,5,11366,72.0,63,11366
257541,257541,133,0.69,2,0,5,2120,60.8,63,133
153561,108853,153561,0.71,2,2,5,2120,108.8,63,11366
382440,133,2120,1.35,8,3,5,153561,262.5,63,153561
11366,257541,190319,2.98,1,4,5,382440,130.1,63,153561
11366,153561,11366,1.48,3,0,5,133,256.9,63,133
2120,190319,190319,0.57,4,4,5,11366,163.0,63,2120
2120,2948,2948,2.89,3,1,5,190319,298.8,63,190319
2948,190319,2948,1.28,1,3,5,153561,232.5,63,2948
108853,11366,133,2.11,3,1,5,2948,128.7,63,2948
153561,44457,2948,1.53,2,2,5,133,216.2,63,2948
2120,11366,153561,1.77,4,3,5,11366,248.7,63,257541
11366,2948,44457,2.01,1,5,5,190319,71.9,63,190319
257541,382440,2120,1.32,5,2,5,382440,97.4,63,382440
133,108853,257541,2.43,1,1,5,133,102.0,63,133
190319,108853,257541,1.74,4,3,5,153561,99.2,63,382440
108853,2948,153561,2.52,1,2,5,2948,157.0,63,2948
2120,11366,2948,1.43,1,3,5,11366,110.1,63,11366
108853,133,153561,1.6,3,3,5,190319,103.7,63,190319
382440,11366,44457,1.14,5,4,5,2120,290.8,63,2120
190319,11366,190319,1.87,5,0,5,2120,141.2,63,2120
108853,44457,153561,2.57,3,2,5,2120,276.6,63,382440
2948,190319,2120,2.52,3,2,5,133,30.3,63,133
190319,2120,382440,0.96,1,5,5,257541,242.1,63,108853
382440,190319,190319,2.33,1,2,5,11366,216.2,63,11366
2948,190319,44457,1.94,3,4,5,2948,271.8,63,2948
2948,44457,153561,0.61,6,0,5,44457,91.1,63,2120
44457,2120,11366,1.55,2,1,5,133,166.1,63,133
2120,382440,2948,1.34,2,1,5,153561,268.1,63,153561
190319,11366,2120,0.95,1,5,5,133,210.0,63,108853
153561,11366,108853,2.88,1,0,5,44457,122.4,63,153561
11366,382440,190319,2.06,3,0,5,153561,105.7,63,153561
257541,11366,382440,2.15,5,4,5,133,190.3,63,133
382440,257541,11366,1.65,2,4,5,2948,124.5,63,2948
190319,382440,2120,1.56,2,0,5,133,100.9,63,133
382440,44457,2120,2.51,2,4,5,133,285.8,63,133
2120,382440,190319,1.95,1,2,5,11366,281.0,63,11366
257541,382440,133,2.48,3,5,5,153561,186.6,63,153561
108853,190319,44457,1.79,1,3,5,2948,33.6,63,2948
257541,190319,11366,0.94,5,4,5,382440,154.6,63,2120
11366,108853,11366,1.4,1,2,5,108853,242.0,63,108853
44457,382440,190319,1.4,2,1,5,153561,161.2,63,2948
2120,382440,44457,1.82,3,3,5,108853,169.4,63,108853
44457,2120,11366,0.7,5,4,5,190319,52.7,63,190319
44457,2948,153561,1.07,2,5,5,190319,208.1,63,190319
257541,153561,11366,1.23,1,4,5,2948,227.5,63,153561
108853,11366,2948,2.58,2,0,5,11366,64.2,63,11366
11366,2948,44457,1.3,3,3,5,190319,247.0,63,133
382440,133,2120,1.84,2,0,5,2948,172.3,63,2948
133,11366,133,2.46,4,5,5,257541,260.1,63,257541
108853,11366,257541,2.82,6,1,5,108853,221.4,63,108853
2120,2948,2948,1.06,1,4,5,11366,173.2,63,11366
44457,2948,153561,2.76,7,4,5,382440,259.9,63,382440
153561,190319,133,0.61,1,0,5,153561,285.3,63,2948
153561,153561,2120,0.84,1,2,5,257541,254.2,63,257541
133,133,153561,2.19,8,5,5,11366,154.1,63,11366
11366,2120,44457,1.31,3,5,5,2948,149.2,63,2948
2948,2120,382440,2.12,8,5,5,2948,175.2,63,2948
2120,2120,11366,2.55,6,3,5,382440,13.8,63,108853
133,2120,190319,2.97,2,4,5,382440,189.4,63,382440
2120,44457,190319,2.85,8,4,5,257541,248.4,63,133
190319,108853,257541,2.58,1,1,5,2948,260.8,63,2948
2948,2120,382440,2.57,3,2,5,257541,128.1,63,257541
2948,382440,257541,2.82,1,1,5,190319,220.2,63,108853
11366,11366,382440,2.31,2,2,5,133,51.8,63,133
382440,44457,11366,0.74,3,3,5,11366,55.7,63,190319
2948,108853,2120,2.13,2,1,5,153561,175.4,63,153561
11366,190319,133,0.82,3,0,5,133,175.3,63,108853
153561,190319,190319,1.91,7,0,5,382440,12.4,63,2120
44457,108853,133,1.36,3,5,5,382440,154.2,63,382440
2120,382440,153561,1.85,6,1,5,133,99.0,63,2948
257541,382440,153561,1.73,7,1,5,108853,23.0,63,108853
133,11366,2948,2.18,4,5,5,133,285.3,63,133
11366,2948,153561,1.72,5,0,5,2120,279.7,63,2120
257541,11366,257541,2.1,7,5,5,11366,280.1,63,11366
11366,11366,11366,1.96,3,0,5,382440,150.9,63,382440
153561,133,44457,2.7,1,1,5,11366,66.0,63,2948
153561,382440,190319,2.63,2,5,5,11366,157.3,63,11366
44457,108853,108853,2.68,1,0,5,133,84.0,63,133
2120,133,190319,1.68,1,0,5,2948,59.6,63,2948
257541,382440,382440,2.28,2,0,5,11366,268.1,63,190319
153561,382440,382440,1.28,3,0,5,153561,258.1,63,153561
257541,190319,11366,2.59,3,5,5,44457,81.9,63,2948
257541,190319,382440,2.75,3,3,5,190319,82.2,63,2948
190319,2948,44457,2.55,2,1,5,257541,115.4,63,257541
2120,133,153561,2.96,1,0,5,257541,20.1,63,257541
108853,133,2120,2.97,1,3,5,11366,191.1,63,11366
133,2948,11366,2.2,1,1,5,108853,262.2,63,382440
44457,257541,108853,1.39,6,2,5,257541,10.7,63,2120
382440,190319,153561,2.7,2,1,5,11366,82.2,63,133
2948,2948,153561,1.63,1,2,5,382440,75.3,63,382440
11366,190319,190319,1.56,8,5,5,108853,211.1,63,108853
382440,133,2120,1.85,1,2,5,2948,128.1,63,190319
2948,44457,2948,1.97,1,1,5,11366,99.3,63,11366
153561,2948,190319,0.94,1,5,5,133,23.4,63,133
2948,2120,257541,2.37,2,3,5,133,168.2,63,108853
11366,153561,153561,1.72,1,4,5,2948,200.4,63,2948
257541,11366,2948,2.89,3,2,5,11366,121.9,63,11366
108853,2120,190319,2.26,1,5,5,382440,57.4,63,382440
108853,2120,2120,0.8,1,0,5,2120,157.2,63,108853
44457,2120,108853,1.24,5,4,5,2948,269.2,63,2948
108853,2948,11366,1.11,1,1,5,2948,214.2,63,2948
257541,2948,11366,1.37,5,0,5,190319,294.3,63,257541
190319,190319,382440,1.15,1,2,5,11366,150.7,63,11366
44457,190319,11366,1.65,1,3,5,190319,202.8,63,190319
108853,257541,2120,2.25,2,3,5,133,287.1,63,133
382440,190319,190319,2.74,1,3,5,108853,170.8,63,11366
133,382440,2948,2.24,7,1,5,2120,23.3,63,2120
11366,2120,44457,0.82,1,0,5,153561,200.2,63,153561
190319,44457,2120,0.66,6,3,5,11366,286.2,63,11366
2948,2948,190319,0.65,7,5,5,133,241.8,63,133
153561,108853,153561,2.13,1,1,5,153561,215.9,63,153561
153561,382440,382440,1.1,1,4,5,382440,231.3,63,382440
382440,190319,108853,2.43,7,2,5,2120,214.0,63,2120
108853,133,11366,1.07,1,1,5,133,258.7,63,133
11366,382440,2948,0.83,3,4,5,11366,214.4,63,11366
257541,44457,257541,1.56,2,5,5,11366,230.9,63,11366
153561,2120,153561,2.36,2,1,5,2120,110.2,63,11366
11366,44457,44457,2.2,8,5,5,108853,180.7,63,108853
382440,257541,257541,0.8,1,0,5,153561,298.3,63,153561
153561,2948,44457,0.78,1,1,5,133,94.3,63,133
11366,133,190319,0.95,3,0,5,2948,49.5,63,2948
382440,257541,153561,1.27,7,1,5,133,107.3,63,133
153561,382440,108853,2.16,2,1,5,11366,113.5,63,11366
44457,382440,382440,2.32,5,2,5,2120,233.5,63,153561
190319,2948,2120,2.86,4,5,5,133,2.9,63,133
153561,2120,257541,2.97,2,2,5,133,210.2,63,133
133,153561,11366,0.93,2,1,5,153561,174.3,63,153561
190319,382440,382440,2.52,8,0,5,2120,137.3,63,2120
133,257541,108853,1.68,2,1,5,382440,239.0,63,382440
44457,133,153561,2.2,1,1,5,257541,127.3,63,257541
190319,108853,133,1.11,1,2,5,108853,10.6,63,108853
44457,108853,44457,2.42,7,5,5,382440,236.8,63,382440
133,2120,153561,2.22,4,4,5,153561,136.5,63,108853
257541,44457,190319,2.96,8,2,5,2120,178.9,63,2120
44457,190319,2120,1.04,1,1,5,2948,51.0,63,2948
44457,190319,153561,1.67,3,1,5,44457,281.7,63,2948
382440,153561,108853,2.65,1,2,5,133,137.2,63,190319
133,133,2948,0.69,1,4,5,11366,122.8,63,11366
108853,133,108853,1.82,1,4,5,2120,202.0,63,133
382440,11366,382440,2.9,3,5,5,382440,41.5,63,382440
11366,133,2120,1.89,6,3,5,382440,24.3,63,382440
44457,2948,190319,1.28,1,5,5,133,35.7,63,133
133,2120,11366,2.61,1,3,5,44457,17.6,63,257541
153561,257541,2120,2.72,1,5,5,190319,131.3,63,2948
11366,2120,190319,1.36,1,2,5,257541,107.1,63,257541
133,190319,190319,2.85,3,1,5,382440,22.7,63,382440
133,2948,2120,0.78,2,5,5,257541,68.8,63,257541
2120,190319,190319,1.89,8,0,5,2120,61.8,63,2120
257541,2948,382440,1.49,2,5,5,11366,262.5,63,11366
190319,11366,257541,2.34,1,2,5,108853,143.1,63,108853
44457,133,133,1.8,1,2,5,382440,18.8,63,382440
2120,11366,108853,1.44,3,0,5,190319,116.2,63,190319
108853,133,44457,1.39,7,1,5,190319,124.3,63,2120
11366,44457,382440,2.37,2,2,5,190319,61.9,63,190319
133,153561,108853,2.81,2,3,5,2948,70.1,63,2948
190319,382440,133,0.72,1,4,5,2948,222.9,63,2948
257541,2948,257541,1.13,6,4,5,11366,46.4,63,11366
153561,382440,108853,1.44,8,4,5,11366,13.4,63,11366
257541,257541,2948,2.67,1,4,5,2948,143.6,63,382440
11366,11366,2120,1.18,3,5,5,257541,112.3,63,2948
44457,44457,257541,2.29,3,0,5,190319,162.8,63,190319
2120,11366,108853,1.26,5,5,5,382440,113.6,63,382440
44457,44457,2120,1.53,7,1,5,108853,161.5,63,133
108853,190319,108853,1.49,1,5,5,11366,221.2,63,11366
44457,133,382440,1.08,2,4,5,133,64.4,63,133
257541,382440,190319,2.77,7,0,5,2120,127.8,63,2120
382440,2948,44457,2.13,3,5,5,382440,261.6,63,382440
44457,44457,2120,0.8,8,3,5,2948,199.4,63,2948
382440,153561,153561,2.37,5,2,5,133,211.3,63,190319
44457,133,257541,2.88,5,2,5,2120,152.5,63,2120
190319,133,133,2.47,7,5,5,382440,244.2,63,2120
11366,2120,108853,0.83,3,4,5,153561,142.5,63,153561
153561,108853,257541,0.54,4,4,5,133,159.8,63,133
382440,133,108853,0.64,7,5,5,153561,88.1,63,190319
257541,44457,133,2.57,1,1,5,153561,69.4,63,153561
2948,382440,257541,2.51,2,3,5,153561,170.1,63,11366
2948,2120,190319,1.52,8,1,5,257541,128.7,63,257541
2120,133,382440,0.67,3,4,5,11366,281.6,63,133
190319,44457,133,2.61,2,2,5,190319,76.2,63,190319
44457,190319,382440,1.83,1,1,5,190319,52.5,63,190319
190319,108853,2120,2.4,1,1,5,108853,69.0,63,108853
108853,2948,133,0.51,2,1,5,2948,73.8,63,2948
382440,2120,44457,2.81,1,1,5,108853,156.4,63,108853
133,257541,11366,0.86,7,3,5,2120,195.0,63,2120
190319,2120,382440,1.7,2,0,5,2120,260.0,63,190319
153561,190319,257541,2.08,1,5,5,11366,177.7,63,11366
133,108853,382440,0.86,2,1,5,2948,236.5,63,2948
2948,382440,190319,1.81,3,3,5,108853,278.9,63,2948
2948,2120,11366,1.36,1,0,5,190319,110.6,63,382440
133,153561,11366,1.48,2,1,5,190319,280.6,63,190319
190319,257541,257541,1.19,5,2,5,108853,197.3,63,108853
2948,108853,2948,1.63,1,5,5,2948,256.8,63,2948
382440,108853,257541,2.05,1,2,5,108853,139.6,63,108853
382440,133,190319,2.52,4,2,5,108853,135.1,63,2120
2120,153561,190319,0.6,4,4,5,133,125.4,63,2948
257541,108853,11366,0.54,1,5,5,11366,243.2,63,11366
44457,257541,2120,2.47,7,0,5,2120,80.1,63,2120
11366,257541,257541,0.99,1,4,5,2948,58.2,63,2948
190319,2948,257541,1.74,3,0,5,382440,265.7,63,382440
44457,2120,382440,2.07,2,3,5,2948,28.9,63,2948
190319,257541,153561,2.24,1,0,5,190319,31.7,63,190319
133,2120,11366,0.97,4,2,5,11366,70.2,63,11366
11366,190319,44457,2.84,5,0,5,11366,49.8,63,11366
257541,2120,2120,1.04,8,0,5,2948,68.9,63,153561
190319,153561,133,1.44,2,0,5,153561,36.5,63,11366
2948,2120,257541,2.94,2,1,5,257541,74.6,63,133
382440,133,153561,1.31,1,0,5,257541,169.7,63,2948
44457,190319,153561,1.75,7,2,5,257541,209.6,63,257541
2948,133,44457,1.68,2,0,5,190319,118.0,63,190319
382440,133,257541,2.87,3,5,5,2948,138.5,63,2948
2948,257541,108853,2.98,1,4,5,257541,133.8,63,257541
2948,133,11366,2.49,3,3,5,257541,129.5,63,257541
133,382440,11366,2.85,5,3,5,108853,272.0,63,2120
44457,108853,153561,1.23,7,3,5,2948,214.9,63,11366
257541,257541,2948,2.74,1,5,5,190319,79.7,63,190319
44457,133,190319,2.79,1,4,5,44457,267.6,63,190319
133,153561,108853,1.3,2,0,5,11366,282.9,63,11366
2948,2948,2948,1.6,1,5,5,153561,289.0,63,153561
108853,2120,257541,1.1,1,4,5,257541,56.2,63,257541
2120,44457,2948,2.8,1,1,5,133,79.9,63,133
133,257541,133,2.44,8,2,5,2948,164.3,63,2120
108853,44457,2948,2.18,8,5,5,257541,165.4,63,257541
2948,190319,382440,2.08,8,2,5,382440,244.7,63,382440
2120,257541,44457,1.39,2,1,5,133,7.0,63,133
190319,11366,2120,1.39,1,0,5,108853,189.5,63,108853
257541,11366,2120,1.54,2,3,5,108853,213.9,63,108853
257541,2120,2948,0.54,1,2,5,257541,24.6,63,257541
382440,133,133,1.47,1,2,5,44457,247.5,63,190319
2120,382440,133,1.43,5,3,5,133,46.8,63,133
153561,257541,2948,0.7,1,3,5,153561,294.4,63,153561
133,257541,44457,1.19,5,0,5,153561,185.7,63,108853
2120,190319,133,1.26,1,2,5,11366,281.0,63,11366
44457,257541,11366,0.89,1,0,5,153561,25.8,63,108853
108853,153561,153561,2.84,8,0,5,11366,67.7,63,11366
133,382440,190319,0.8,2,1,5,190319,276.0,63,108853
382440,153561,11366,2.9,8,4,5,153561,221.4,63,153561
44457,108853,153561,1.03,1,1,5,133,182.4,63,133
190319,153561,382440,1.71,8,3,5,2120,43.1,63,2120
257541,11366,257541,1.25,1,3,5,257541,251.1,63,257541
382440,382440,257541,1.43,1,0,5,11366,142.0,63,11366
2120,257541,44457,2.99,2,5,5,108853,130.8,63,108853
257541,153561,2948,1.84,2,1,5,190319,171.8,63,190319
11366,190319,257541,2.92,3,4,5,11366,235.4,63,11366
44457,44457,190319,2.39,1,0,5,2948,142.2,63,2948
133,133,153561,0.77,2,1,5,44457,59.6,63,108853
2120,133,382440,0.84,1,0,5,190319,72.2,63,190319
382440,2120,2120,2.51,4,4,5,2120,236.4,63,2120
133,11366,153561,2.12,1,5,5,133,231.0,63,133
153561,257541,2948,2.42,2,1,5,11366,287.7,63,11366
2120,2948,382440,1.46,1,5,5,11366,5.0,63,11366
153561,153561,108853,1.4,1,0,5,382440,198.9,63,382440
382440,257541,153561,1.44,1,1,5,2948,40.8,63,2948
153561,11366,2948,0.58,1,4,5,382440,76.5,63,382440
2948,382440,153561,1.01,1,0,5,2948,161.2,63,2948
11366,382440,11366,1.55,4,3,5,2948,146.0,63,2948
44457,133,44457,2.21,6,5,5,2948,191.1,63,2948
2120,2120,2948,2.36,1,4,5,382440,165.6,63,382440
133,257541,382440,2.64,8,3,5,190319,171.7,63,153561
153561,108853,153561,1.07,1,2,5,11366,140.7,63,11366
2120,153561,153561,2.5,8,1,5,108853,118.6,63,2120
153561,133,2948,0.62,1,1,5,382440,262.8,63,382440
2120,108853,257541,0.68,7,5,5,108853,34.4,63,108853
153561,257541,2120,1.23,2,0,5,2948,254.7,63,2948
44457,108853,2120,2.86,4,1,5,133,98.2,63,133
2120,133,190319,1.77,2,3,5,382440,6.6,63,190319
190319,382440,133,0.86,3,3,5,2948,58.5,63,257541
382440,153561,153561,1.2,3,2,5,2948,281.2,63,2948
2948,2120,133,2.49,1,4,5,190319,251.9,63,190319
133,190319,382440,2.14,1,4,5,382440,1.1,63,382440
133,108853,190319,0.91,7,4,5,11366,35.2,63,11366
108853,257541,133,1.35,2,2,5,190319,232.4,63,190319
44457,382440,11366,2.74,6,2,5,108853,60.0,63,108853
108853,2120,190319,1.79,3,5,5,133,256.4,63,133
2948,190319,2120,0.76,8,5,5,2948,70.1,63,2948
44457,190319,2120,2.83,4,2,5,2120,198.2,63,2120
2120,108853,382440,0.63,6,3,5,257541,150.5,63,257541
108853,11366,11366,2.86,3,0,5,190319,183.4,63,257541
257541,44457,382440,1.9,1,3,5,2948,293.9,63,2948
2948,257541,44457,1.13,2,4,5,11366,67.1,63,11366
2120,2120,2120,1.08,8,0,5,2120,12.8,63,190319
257541,2948,44457,1.7,1,0,5,257541,243.1,63,257541
382440,44457,2948,1.78,1,1,5,190319,267.4,63,190319
257541,153561,257541,1.02,1,5,5,2948,66.1,63,2948
44457,2120,44457,0.77,2,3,5,2948,290.4,63,2948
382440,133,108853,1.75,3,4,5,190319,141.4,63,190319
190319,2120,11366,1.27,3,0,5,11366,216.3,63,11366
153561,190319,108853,2.25,1,0,5,190319,9.1,63,190319
108853,382440,257541,0.98,8,4,5,382440,100.0,63,382440
153561,382440,108853,1.27,7,0,5,190319,185.0,63,190319
11366,11366,2948,1.81,1,5,5,11366,205.9,63,11366
11366,133,257541,0.84,2,1,5,2948,84.7,63,2948
382440,44457,382440,1.12,8,4,5,2120,172.3,63,2120
2948,108853,153561,1.37,2,4,5,382440,195.5,63,2948
2948,11366,2948,1.0,1,5,5,133,9.4,63,108853
190319,153561,44457,1.38,1,3,5,133,291.4,63,153561
257541,133,2948,2.06,6,0,5,2120,92.9,63,2120
44457,108853,382440,1.19,7,5,5,2120,209.7,63,2120
2948,2120,190319,0.69,2,0,5,153561,181.4,63,153561
2120,190319,153561,0.88,3,4,5,2948,69.3,63,2948
153561,190319,153561,2.9,1,4,5,11366,240.9,63,11366
257541,257541,2120,2.24,8,0,5,11366,117.6,63,11366
44457,108853,382440,2.91,1,5,5,382440,81.9,63,190319
108853,2120,133,1.27,1,0,5,153561,79.1,63,153561
108853,44457,153561,1.09,6,4,5,153561,245.5,63,153561
153561,133,133,1.3,1,5,5,133,24.7,63,133
190319,2120,2120,1.57,2,2,5,257541,3.8,63,257541
190319,108853,133,2.54,7,3,5,2120,208.0,63,2120
2120,108853,190319,1.29,6,2,5,11366,158.5,63,11366
2120,382440,153561,1.73,3,0,5,11366,237.8,63,11366
257541,382440,11366,1.74,1,0,5,382440,22.0,63,382440
2948,382440,44457,2.53,3,5,5,153561,193.9,63,153561
2948,190319,133,1.33,1,5,5,2948,133.2,63,2948
382440,44457,133,0.85,1,3,5,133,122.4,63,133
2948,11366,382440,2.79,5,1,5,133,227.4,63,133
382440,382440,108853,1.92,1,1,5,257541,137.2,63,257541
190319,2948,382440,1.86,1,0,5,2948,177.7,63,2948
108853,108853,11366,1.82,1,3,5,257541,266.5,63,257541
382440,2948,133,2.42,1,2,5,11366,10.9,63,11366
11366,108853,133,2.19,2,2,5,153561,14.4,63,153561
257541,2120,108853,2.78,1,3,5,257541,185.0,63,257541
11366,190319,2948,2.67,6,4,5,382440,137.3,63,382440
2948,382440,257541,0.96,6,1,5,11366,224.1,63,11366
190319,2120,108853,0.89,8,1,5,2948,26.4,63,2948
190319,133,11366,2.65,1,2,5,11366,62.4,63,11366
257541,190319,11366,2.71,8,4,5,2120,89.6,63,153561
133,382440,153561,2.04,7,3,5,133,17.0,63,133
2120,108853,153561,1.65,8,1,5,108853,258.6,63,108853
153561,382440,2120,1.57,2,0,5,190319,20.3,63,382440
190319,2120,108853,2.61,1,1,5,2948,289.6,63,2948
108853,382440,2948,1.3,8,0,5,133,138.2,63,133
382440,133,2948,2.27,1,3,5,11366,156.7,63,11366
153561,190319,133,0.91,3,0,5,11366,178.5,63,11366
11366,11366,108853,2.31,1,0,5,133,213.8,63,2948
11366,153561,153561,1.85,5,3,5,190319,265.7,63,257541
190319,190319,382440,2.12,1,4,5,153561,233.1,63,153561
257541,257541,257541,1.33,1,1,5,133,49.6,63,133
11366,257541,257541,2.39,2,0,5,2948,72.2,63,2948
108853,153561,44457,0.87,1,4,5,11366,111.5,63,11366
11366,190319,108853,2.36,1,0,5,2120,243.9,63,108853
133,190319,44457,0.79,1,1,5,2948,56.6,63,2948
382440,190319,382440,1.44,1,2,5,2948,220.2,63,2948
257541,2948,382440,0.78,8,4,5,2120,270.4,63,190319
190319,382440,133,1.98,6,1,5,2120,264.4,63,2120
190319,382440,2120,1.53,1,2,5,2948,266.3,63,108853
108853,382440,257541,0.77,4,5,5,108853,17.1,63,11366
153561,257541,382440,1.49,1,1,5,153561,11.6,63,153561
133,44457,153561,2.44,1,1,5,153561,104.7,63,153561
153561,190319,44457,1.57,4,5,5,2948,134.7,63,2948
190319,2120,153561,2.89,1,5,5,190319,293.5,63,190319
2948,190319,382440,2.77,7,0,5,133,94.9,63,11366
2948,382440,2120,2.04,3,1,5,382440,128.4,63,382440
44457,257541,11366,2.23,1,5,5,2948,241.5,63,133
190319,257541,133,0.91,8,3,5,2120,136.6,63,2120
2120,257541,2120,0.63,1,0,5,257541,138.1,63,257541
44457,190319,257541,2.09,3,4,5,257541,85.8,63,11366
133,11366,153561,1.24,4,4,5,257541,140.8,63,257541
133,133,153561,2.04,2,5,5,257541,244.4,63,257541
153561,44457,190319,1.35,1,5,5,257541,230.2,63,257541
44457,153561,382440,2.81,1,3,5,382440,207.1,63,382440
2120,257541,2120,2.42,1,4,5,257541,290.6,63,257541
190319,382440,133,2.56,1,5,5,382440,133.0,63,382440
190319,108853,382440,0.58,8,4,5,153561,184.9,63,153561
11366,2120,44457,2.27,1,0,5,382440,125.2,63,153561
108853,2948,153561,2.57,1,3,5,133,180.3,63,2948
11366,44457,257541,1.4,1,4,5,11366,272.5,63,11366
133,257541,153561,1.94,1,0,5,257541,25.4,63,257541
257541,257541,108853,2.31,1,5,5,11366,185.9,63,11366
11366,108853,2948,2.51,1,4,5,382440,169.9,63,190319
190319,11366,153561,1.91,3,3,5,108853,233.5,63,153561
133,153561,190319,1.05,1,5,5,11366,199.1,63,257541
2948,44457,108853,1.85,2,3,5,382440,157.6,63,11366
108853,153561,133,1.55,1,5,5,2120,69.1,63,190319
257541,382440,133,1.57,1,5,5,257541,219.6,63,257541
382440,11366,2948,2.56,1,2,5,11366,21.4,63,11366
190319,44457,133,2.14,3,1,5,2948,85.0,63,153561
44457,133,2948,1.18,3,0,5,108853,127.2,63,108853
44457,153561,2948,0.85,1,1,5,382440,182.9,63,382440
44457,11366,108853,1.5,1,0,5,190319,71.0,63,190319
190319,2948,11366,2.41,1,0,5,382440,194.6,63,11366
153561,2120,2948,1.62,1,1,5,108853,17.0,63,153561
2120,44457,108853,2.3,6,5,5,108853,128.8,63,257541
257541,133,257541,0.8,1,5,5,382440,142.6,63,382440
153561,190319,153561,1.87,3,1,5,2120,27.7,63,153561
190319,11366,2120,1.02,8,5,5,2120,217.2,63,2120
382440,44457,257541,2.16,1,1,5,153561,260.0,63,257541
153561,257541,153561,1.07,1,0,5,133,282.6,63,133
2120,44457,2120,2.24,2,4,5,133,132.1,63,133
44457,2120,257541,2.46,3,3,5,108853,292.5,63,108853
44457,108853,11366,2.08,3,1,5,108853,297.4,63,108853
44457,2120,257541,0.65,7,2,5,190319,127.2,63,190319
153561,257541,11366,1.09,1,2,5,153561,294.6,63,133
153561,108853,153561,2.83,3,0,5,257541,84.9,63,382440
257541,2120,108853,2.92,7,5,5,153561,192.6,63,153561
133,133,257541,0.67,7,0,5,2948,95.1,63,2948
2120,190319,2120,2.41,7,2,5,2120,79.5,63,2120
11366,11366,2948,2.2,8,4,5,2948,220.1,63,2948
108853,133,257541,2.23,2,4,5,257541,32.1,63,257541
133,382440,133,2.91,1,1,5,2948,85.0,63,2948
257541,257541,190319,2.14,1,5,5,153561,141.7,63,153561
190319,2120,382440,1.51,1,5,5,257541,219.0,63,257541
190319,153561,2948,2.84,3,4,5,133,213.8,63,133
257541,2948,190319,1.76,1,4,5,2120,265.8,63,108853
257541,2120,382440,1.81,7,2,5,190319,204.1,63,190319
382440,153561,11366,1.15,6,0,5,382440,111.6,63,382440
2120,108853,382440,1.43,1,5,5,11366,29.2,63,2948
190319,257541,108853,1.88,8,5,5,2120,242.2,63,2120
153561,11366,153561,1.66,3,1,5,190319,108.3,63,257541
190319,11366,190319,2.44,1,5,5,11366,260.9,63,11366
190319,44457,190319,0.99,2,0,5,108853,217.1,63,108853
133,190319,382440,1.89,2,2,5,2120,202.0,63,257541
382440,133,108853,0.54,2,1,5,257541,24.4,63,257541
382440,2948,257541,1.28,7,4,5,2120,293.0,63,2120
2120,257541,133,1.61,1,1,5,190319,83.5,63,190319
2120,153561,153561,2.84,1,5,5,133,157.9,63,133
2120,257541,382440,1.14,8,0,5,190319,215.8,63,190319
11366,2948,190319,2.2,3,0,5,190319,123.3,63,2948
257541,2948,44457,0.64,2,1,5,153561,90.4,63,257541
2120,257541,382440,0.99,2,1,5,382440,171.7,63,382440
11366,133,153561,0.65,4,3,5,190319,71.5,63,190319
257541,11366,44457,1.0,3,4,5,190319,13.0,63,190319
257541,2948,153561,0.75,1,3,5,11366,91.7,63,11366
108853,2948,2948,2.19,5,0,5,133,78.4,63,133
2120,11366,257541,1.11,2,1,5,2120,165.6,63,153561
382440,44457,2948,1.83,7,0,5,190319,125.6,63,190319
108853,382440,44457,2.99,3,4,5,11366,92.5,63,190319
2120,2948,382440,2.59,8,0,5,133,275.8,63,133
108853,44457,190319,2.21,2,2,5,257541,80.7,63,257541
153561,11366,2120,2.44,5,3,5,257541,143.5,63,257541
108853,2948,11366,1.17,1,0,5,108853,15.3,63,11366
11366,257541,382440,0.91,1,2,5,108853,116.9,63,108853
382440,11366,2120,0.77,2,0,5,257541,59.3,63,257541
382440,2948,11366,2.77,1,0,5,11366,123.8,63,11366
382440,153561,11366,1.4,2,4,5,153561,208.7,63,153561
108853,108853,190319,0.58,2,5,5,382440,202.5,63,382440
133,153561,2948,0.81,1,5,5,108853,120.6,63,2948
257541,2948,153561,0.97,1,0,5,190319,125.3,63,190319
133,2120,108853,2.75,6,4,5,382440,0.0,63,382440
11366,257541,257541,2.78,7,2,5,2120,285.7,63,2120
153561,257541,133,2.27,8,4,5,2120,65.6,63,2120
133,153561,133,2.31,1,0,5,11366,71.7,63,257541
133,133,382440,2.33,7,5,5,2120,185.3,63,2120
257541,2120,11366,2.53,1,1,5,133,5.2,63,133
44457,257541,11366,2.87,5,0,5,2120,281.7,63,2120
382440,44457,382440,2.82,1,1,5,133,78.6,63,133
2948,153561,44457,1.43,3,0,5,153561,233.1,63,153561
257541,2120,44457,2.06,1,3,5,133,62.1,63,133
190319,108853,190319,0.89,2,5,5,11366,71.7,63,11366
257541,382440,133,0.86,1,4,5,44457,260.6,63,2948
44457,153561,133,2.36,3,0,5,190319,183.0,63,190319
133,2120,108853,1.97,6,0,5,2120,204.5,63,2120
133,190319,257541,1.9,2,4,5,382440,279.4,63,382440
257541,108853,2948,2.31,1,3,5,2120,120.8,63,382440
382440,2120,2948,0.63,1,0,5,257541,32.8,63,257541
257541,153561,44457,2.12,8,0,5,190319,159.2,63,2120
382440,190319,2120,2.3,2,1,5,133,298.1,63,133
2948,190319,44457,0.52,3,3,5,108853,279.2,63,108853
382440,2120,382440,2.17,5,1,5,108853,252.7,63,11366
190319,190319,153561,0.84,2,0,5,133,48.3,63,133
153561,11366,11366,1.86,1,0,5,153561,90.8,63,153561
153561,382440,44457,2.26,3,0,5,2948,235.8,63,2948
44457,108853,11366,0.61,8,2,5,190319,288.2,63,190319
2948,108853,108853,2.7,5,3,5,2948,129.1,63,2948
153561,11366,153561,1.3,2,3,5,382440,238.1,63,382440
133,108853,133,1.57,2,4,5,2948,171.4,63,2948
133,2120,257541,0.93,5,4,5,257541,154.0,63,257541
382440,44457,2948,1.19,1,5,5,382440,12.7,63,108853
190319,2948,382440,2.06,3,1,5,382440,17.8,63,382440
2120,108853,153561,0.51,4,5,5,257541,107.6,63,2948
257541,133,190319,0.92,5,4,5,257541,51.7,63,153561
2948,382440,2948,1.76,2,4,5,2948,91.2,63,2948
2948,190319,133,2.82,1,2,5,257541,107.6,63,108853
2948,153561,108853,1.21,5,0,5,108853,61.8,63,108853
2948,382440,190319,0.9,5,1,5,257541,194.6,63,153561
190319,44457,382440,2.38,3,5,5,44457,169.4,63,2948
44457,153561,153561,2.92,2,1,5,153561,104.9,63,153561
190319,382440,153561,2.58,4,0,5,11366,73.4,63,11366
11366,190319,257541,0.75,6,2,5,2948,292.2,63,2948
11366,133,382440,1.77,6,0,5,2120,194.7,63,2120
44457,11366,153561,0.52,3,4,5,108853,53.4,63,108853
190319,153561,2120,2.66,1,1,5,11366,235.7,63,11366
44457,257541,108853,1.42,1,5,5,257541,21.5,63,11366
11366,44457,108853,0.85,7,2,5,11366,153.0,63,11366
153561,133,153561,2.77,5,3,5,153561,132.0,63,153561
108853,44457,2120,2.07,1,2,5,190319,71.4,63,190319
2948,44457,190319,1.91,1,2,5,11366,208.2,63,11366
257541,153561,153561,1.94,5,2,5,44457,263.4,63,2948
11366,2948,133,2.12,1,3,5,153561,290.3,63,153561
133,133,257541,1.71,1,2,5,133,213.6,63,133
2120,382440,44457,0.89,3,1,5,133,182.2,63,133
190319,11366,153561,2.88,3,0,5,133,209.8,63,133
11366,382440,2120,1.05,8,4,5,2948,287.7,63,2948
2948,2948,2948,0.95,1,1,5,190319,163.9,63,133
190319,2120,382440,2.98,5,3,5,190319,9.7,63,190319
11366,382440,153561,1.74,8,2,5,2948,113.1,63,2948
382440,153561,11366,2.03,3,3,5,190319,217.3,63,11366
2120,2120,153561,0.76,7,5,5,2948,121.1,63,153561
11366,2948,44457,2.17,1,1,5,11366,227.9,63,11366
382440,153561,44457,2.88,7,1,5,257541,258.3,63,257541
257541,2120,382440,2.58,2,3,5,382440,100.9,63,382440
133,190319,153561,1.51,1,3,5,108853,57.5,63,190319
153561,2120,11366,1.44,8,5,5,153561,240.4,63,382440
190319,2120,108853,1.76,7,1,5,190319,14.6,63,190319
108853,2120,153561,1.81,7,0,5,190319,55.7,63,190319
11366,382440,382440,0.89,1,2,5,2948,232.3,63,2948
257541,11366,153561,2.54,8,4,5,382440,223.7,63,382440
257541,2948,257541,1.23,1,1,5,11366,282.6,63,11366
257541,11366,382440,1.68,8,0,5,11366,73.3,63,2948
190319,153561,44457,2.1,2,0,5,190319,178.7,63,190319
2948,108853,153561,1.22,1,2,5,190319,9.6,63,190319
44457,257541,2120,1.2,2,0,5,44457,16.1,63,190319
153561,133,382440,0.94,2,4,5,11366,287.3,63,11366
257541,153561,108853,2.84,1,2,5,44457,157.6,63,190319
190319,153561,2948,1.92,1,2,5,382440,188.8,63,133
11366,190319,108853,1.4,1,3,5,382440,233.3,63,2948
133,11366,2948,1.44,5,3,5,2120,279.1,63,11366
257541,153561,190319,2.82,1,5,5,11366,128.1,63,11366
11366,44457,2948,1.53,1,5,5,133,287.2,63,382440
2948,2948,190319,1.54,1,4,5,108853,269.5,63,2948
190319,2948,257541,1.8,4,5,5,382440,228.9,63,382440
190319,11366,382440,2.25,1,2,5,11366,250.2,63,190319
108853,257541,153561,1.37,3,3,5,382440,42.4,63,382440
2120,153561,2948,0.63,1,0,5,257541,86.1,63,257541
153561,11366,257541,2.31,3,0,5,11366,61.2,63,11366
2120,11366,190319,0.83,4,2,5,382440,101.6,63,382440
44457,133,11366,0.64,1,4,5,133,236.1,63,133
190319,108853,2948,2.86,5,3,5,11366,15.8,63,11366
382440,190319,44457,2.49,3,4,5,108853,147.9,63,11366
44457,382440,2948,0.61,7,1,5,133,264.2,63,133
11366,44457,133,2.27,1,3,5,257541,66.4,63,190319
153561,382440,11366,2.79,6,2,5,133,34.7,63,133
108853,190319,2120,1.33,1,2,5,2948,87.1,63,2948
190319,190319,133,2.77,2,3,5,11366,197.6,63,11366
44457,382440,133,0.79,1,3,5,2120,81.4,63,11366
153561,44457,257541,1.51,1,2,5,133,132.5,63,133
44457,2120,44457,0.86,1,5,5,190319,259.0,63,190319
44457,2948,133,0.87,4,5,5,382440,261.3,63,382440
190319,108853,11366,1.26,6,1,5,2948,227.4,63,133
44457,153561,108853,2.36,3,5,5,382440,8.7,63,382440
133,153561,257541,2.59,6,4,5,2120,218.5,63,2120
153561,190319,108853,2.52,4,5,5,11366,220.4,63,11366
190319,190319,133,2.25,2,0,5,257541,277.0,63,257541
108853,44457,2120,2.31,5,1,5,133,192.6,63,11366
11366,11366,44457,1.27,2,0,5,190319,122.5,63,190319
133,133,2120,1.32,1,5,5,2948,218.3,63,2948
257541,44457,382440,2.59,4,4,5,11366,189.5,63,11366
2948,133,2120,2.9,2,5,5,44457,221.8,63,11366
382440,11366,257541,2.86,1,2,5,382440,244.6,63,382440
190319,153561,11366,0.8,1,0,5,190319,164.2,63,190319
2948,2948,2120,1.08,5,1,5,11366,273.7,63,11366
11366,108853,44457,0.63,4,5,5,2948,83.0,63,2948
382440,44457,108853,2.81,4,3,5,2948,23.0,63,108853
2120,153561,2120,2.21,4,5,5,2948,75.5,63,2948
153561,108853,382440,0.81,7,3,5,108853,1.4,63,108853
190319,382440,108853,1.46,1,1,5,382440,189.6,63,382440
108853,382440,382440,2.08,1,4,5,108853,123.9,63,108853
2120,257541,2120,2.3,6,5,5,2120,201.2,63,2948
190319,11366,382440,1.14,5,3,5,2948,15.9,63,11366
11366,257541,382440,2.77,8,0,5,257541,168.1,63,257541
2948,190319,44457,1.08,3,5,5,2948,239.8,63,2948
11366,11366,108853,2.34,1,5,5,257541,4.0,63,257541
44457,11366,11366,1.56,1,0,5,257541,261.0,63,153561
2948,2948,133,1.95,6,4,5,2120,107.6,63,2120
133,2948,44457,0.99,1,0,5,11366,155.8,63,11366
44457,133,11366,2.32,4,5,5,2948,248.3,63,2948
133,190319,11366,1.83,3,3,5,108853,98.5,63,108853
257541,190319,11366,1.44,1,2,5,190319,40.5,63,11366
257541,153561,2120,1.75,1,2,5,44457,254.5,63,133
190319,2120,11366,1.21,6,1,5,257541,178.4,63,2948
382440,11366,11366,2.77,5,5,5,2120,51.6,63,2120
133,2120,44457,2.36,2,0,5,108853,101.6,63,153561
11366,2948,257541,0.78,4,4,5,11366,18.0,63,11366
190319,133,108853,1.33,1,5,5,382440,14.5,63,382440
2120,11366,382440,2.92,8,1,5,153561,109.8,63,153561
108853,11366,133,1.43,1,1,5,11366,80.2,63,11366
44457,133,133,2.77,1,2,5,133,8.6,63,2948
108853,2120,190319,1.1,2,0,5,153561,47.3,63,153561
2948,190319,11366,1.53,6,5,5,382440,257.7,63,382440
257541,2948,11366,1.57,1,1,5,2948,193.0,63,11366
2120,382440,133,2.0,3,3,5,153561,205.5,63,153561
11366,2948,2120,2.93,7,3,5,2120,75.9,63,2120
133,133,44457,1.25,7,0,5,2948,69.4,63,2948
108853,44457,257541,1.17,3,4,5,382440,166.8,63,382440
2120,257541,2948,0.94,1,4,5,108853,94.9,63,190319
44457,190319,2948,1.17,1,3,5,190319,234.8,63,190319
2948,108853,257541,2.61,5,1,5,2120,268.2,63,2120
257541,11366,190319,0.52,1,5,5,2948,18.9,63,2948
11366,257541,44457,1.36,2,5,5,257541,272.1,63,257541
382440,190319,153561,2.55,3,4,5,108853,192.5,63,108853
133,257541,11366,1.02,1,2,5,2120,32.2,63,133
382440,133,2948,1.83,6,0,5,153561,187.4,63,2948
190319,153561,2120,0.52,2,2,5,2948,179.9,63,2948
11366,382440,133,1.59,2,3,5,382440,7.1,63,382440
108853,153561,2948,2.83,1,2,5,2948,167.1,63,2948
382440,382440,2948,2.75,4,3,5,2120,97.9,63,2120
382440,2120,153561,2.15,1,1,5,133,102.1,63,190319
133,257541,257541,0.77,7,4,5,257541,273.0,63,257541
44457,11366,2948,1.02,1,4,5,11366,130.4,63,11366
108853,153561,2948,1.35,2,4,5,153561,266.8,63,153561
11366,133,257541,0.87,1,5,5,133,186.1,63,11366
108853,133,257541,1.32,1,1,5,11366,42.9,63,11366
2948,133,133,2.09,5,5,5,11366,30.1,63,11366
382440,44457,11366,0.66,1,4,5,11366,211.2,63,11366
190319,108853,2120,2.44,2,5,5,133,243.0,63,133
153561,44457,2120,0.61,1,4,5,190319,183.7,63,190319
257541,108853,190319,1.9,2,2,5,108853,57.2,63,108853
190319,2948,257541,1.57,2,5,5,133,270.2,63,133
2948,44457,190319,2.35,3,1,5,190319,144.7,63,190319
382440,108853,382440,2.81,1,1,5,133,292.3,63,133
190319,44457,153561,2.86,6,3,5,190319,137.9,63,190319
44457,108853,257541,1.0,2,3,5,44457,195.1,63,133
133,153561,382440,0.73,1,0,5,190319,190.4,63,257541
190319,382440,44457,2.35,3,3,5,2948,190.8,63,2948
133,2948,153561,2.81,1,1,5,257541,195.3,63,257541
133,108853,2948,0.9,2,5,5,382440,153.0,63,382440
2948,257541,153561,2.61,1,4,5,190319,158.0,63,190319
190319,44457,190319,2.98,1,1,5,257541,188.4,63,382440
153561,2120,11366,2.91,4,5,5,11366,216.8,63,11366
2120,44457,108853,1.73,3,4,5,11366,48.9,63,11366
2948,11366,153561,2.94,1,3,5,133,275.1,63,133
190319,153561,11366,2.03,5,2,5,257541,297.8,63,257541
44457,44457,11366,0.52,1,2,5,11366,135.4,63,11366
153561,133,2120,1.97,7,3,5,382440,56.4,63,2120
257541,2948,153561,2.96,1,4,5,153561,35.4,63,153561
257541,108853,190319,2.33,1,2,5,11366,17.3,63,11366
382440,190319,153561,1.53,2,3,5,11366,256.1,63,11366
190319,44457,44457,1.85,3,3,5,382440,30.4,63,382440
382440,257541,133,1.54,3,0,5,153561,27.4,63,153561
153561,2948,257541,2.29,1,0,5,190319,257.9,63,133
11366,190319,11366,1.54,2,2,5,153561,38.1,63,153561
382440,382440,11366,1.4,1,5,5,2948,178.6,63,2948
2120,153561,133,1.31,1,5,5,2948,229.4,63,2948
382440,2948,382440,1.1,1,4,5,133,116.4,63,133
382440,44457,133,1.77,1,2,5,257541,68.2,63,108853
44457,2948,257541,2.61,1,0,5,257541,12.6,63,257541
190319,2948,44457,2.34,2,0,5,133,252.5,63,133
2120,153561,2120,2.42,6,1,5,2120,120.1,63,2120
2948,108853,11366,1.49,1,3,5,2948,299.8,63,2948
257541,11366,133,1.79,5,4,5,11366,281.5,63,11366
2948,190319,133,1.0,1,0,5,11366,276.5,63,11366
2120,190319,2120,2.51,3,5,5,257541,164.8,63,257541
382440,257541,108853,1.61,1,3,5,153561,117.0,63,153561
133,44457,382440,2.23,6,0,5,11366,27.4,63,11366
108853,190319,382440,2.44,2,1,5,382440,142.5,63,382440
153561,108853,2948,1.23,1,3,5,153561,102.0,63,153561
153561,44457,2120,2.99,1,1,5,2948,158.0,63,2948
190319,44457,133,1.56,1,2,5,2948,186.3,63,2948
108853,44457,108853,1.03,2,1,5,108853,203.6,63,108853
2948,153561,108853,2.92,6,2,5,190319,111.4,63,190319
190319,153561,44457,1.61,1,2,5,108853,295.6,63,11366
190319,133,257541,0.66,1,5,5,11366,195.4,63,11366
257541,2120,382440,2.89,3,5,5,257541,47.2,63,257541
382440,257541,108853,0.87,7,3,5,11366,205.1,63,11366
11366,2120,153561,1.03,1,5,5,257541,256.0,63,153561
44457,44457,11366,2.81,3,3,5,108853,82.3,63,108853
257541,2120,153561,1.92,1,0,5,257541,9.1,63,257541
133,2120,153561,1.35,3,1,5,11366,112.7,63,11366
44457,11366,153561,2.56,2,5,5,133,194.7,63,133
257541,108853,11366,0.97,2,5,5,2948,147.7,63,2948
44457,153561,133,2.36,7,5,5,153561,92.6,63,153561
44457,190319,11366,2.48,1,1,5,153561,174.9,63,153561
11366,133,44457,2.33,1,0,5,133,24.5,63,133
44457,11366,257541,2.24,2,5,5,2948,190.7,63,2948
382440,382440,153561,1.05,2,1,5,108853,197.6,63,108853
44457,2948,153561,1.39,5,1,5,2948,124.2,63,2948
133,133,133,0.91,1,0,5,11366,228.9,63,11366
11366,190319,153561,0.99,8,2,5,133,73.8,63,133
11366,133,108853,3.0,1,1,5,153561,109.9,63,108853
108853,11366,2948,1.32,1,5,5,2948,287.8,63,2948
133,44457,11366,2.91,3,0,5,44457,233.3,63,2948
108853,133,153561,2.99,7,3,5,133,60.7,63,11366
2948,257541,257541,1.73,4,5,5,133,127.8,63,382440
382440,153561,190319,1.16,6,3,5,2120,299.2,63,2120
133,44457,190319,2.73,1,0,5,133,139.5,63,133
44457,108853,382440,1.59,6,1,5,382440,253.4,63,382440
257541,108853,133,1.92,3,4,5,44457,205.2,63,257541
257541,44457,2948,1.84,1,0,5,133,290.5,63,108853
382440,257541,382440,2.22,8,1,5,2948,23.6,63,2948
2120,133,11366,2.14,1,4,5,11366,54.7,63,11366
382440,190319,11366,2.49,3,4,5,153561,140.5,63,11366
382440,2948,44457,2.53,1,0,5,11366,257.7,63,11366
2948,382440,153561,2.38,6,4,5,190319,246.8,63,190319
11366,108853,190319,0.5,3,0,5,190319,104.5,63,2948
2120,44457,190319,0.7,5,5,5,2948,219.0,63,2948
44457,2948,11366,0.61,8,4,5,133,126.7,63,153561
108853,190319,382440,1.91,2,1,5,133,227.2,63,133
11366,2120,44457,2.02,6,1,5,11366,32.8,63,11366
133,257541,382440,2.56,1,4,5,190319,176.9,63,190319
382440,382440,11366,2.87,2,5,5,257541,229.3,63,257541
257541,2120,2948,2.93,3,4,5,133,156.9,63,133
108853,108853,108853,1.9,3,4,5,108853,41.1,63,108853
257541,2948,153561,2.85,1,2,5,108853,6.9,63,11366
190319,2120,190319,2.99,5,1,5,257541,149.3,63,257541
190319,257541,382440,1.6,6,4,5,44457,64.9,63,2948
190319,2120,2120,2.37,4,4,5,108853,184.2,63,108853
11366,257541,44457,1.52,3,1,5,11366,190.1,63,11366
190319,11366,108853,2.51,6,1,5,2948,156.2,63,2948
44457,11366,108853,2.37,1,1,5,133,215.9,63,382440
44457,257541,257541,2.37,7,2,5,2120,14.0,63,2120
11366,382440,44457,2.53,1,0,5,190319,199.1,63,190319
190319,2120,153561,2.91,4,4,5,2120,60.1,63,2120
2120,2120,11366,2.78,1,1,5,108853,121.9,63,108853
190319,257541,133,1.24,5,1,5,257541,6.9,63,257541
44457,2948,44457,1.74,3,4,5,190319,133.5,63,190319
2948,153561,382440,1.69,4,3,5,133,1.2,63,133
153561,11366,11366,0.71,1,4,5,2948,269.1,63,2948
2948,11366,108853,2.2,8,5,5,257541,244.5,63,257541
108853,2948,382440,1.33,3,1,5,190319,141.4,63,190319
2948,382440,133,2.84,8,2,5,190319,10.1,63,190319
133,2120,257541,2.45,1,5,5,2948,39.2,63,2948
133,153561,108853,1.29,8,5,5,11366,106.5,63,11366
133,257541,2948,1.23,2,4,5,2948,74.0,63,2948
11366,382440,190319,2.85,1,1,5,11366,20.5,63,11366
382440,108853,108853,2.01,4,2,5,2948,250.7,63,2948
382440,382440,133,0.52,1,5,5,382440,79.0,63,382440
382440,153561,257541,1.21,5,5,5,2948,195.9,63,2948
133,2120,44457,2.82,1,4,5,2948,172.1,63,2948
108853,257541,2120,2.49,1,1,5,257541,122.1,63,257541
44457,133,153561,2.41,8,2,5,133,99.4,63,2120
133,382440,190319,2.4,2,4,5,153561,33.0,63,133
382440,108853,2120,0.56,1,1,5,257541,208.4,63,257541
2120,2948,2120,1.86,8,4,5,257541,186.4,63,2948
2120,11366,2948,1.51,3,4,5,108853,181.1,63,11366
133,11366,190319,1.12,5,3,5,382440,191.9,63,2948
108853,190319,44457,2.38,3,2,5,382440,224.6,63,382440
382440,108853,108853,1.49,3,3,5,382440,141.8,63,11366
2948,153561,257541,0.75,1,2,5,108853,18.4,63,382440
382440,257541,190319,2.5,1,1,5,44457,71.5,63,190319
133,190319,153561,1.92,1,0,5,11366,263.4,63,11366
2120,108853,44457,2.43,1,0,5,44457,149.9,63,11366
108853,11366,2120,1.5,3,2,5,2948,158.0,63,2948
190319,133,382440,0.8,2,0,5,382440,205.8,63,2948
153561,2948,2948,2.92,1,1,5,44457,130.3,63,2948
2120,382440,133,1.3,2,2,5,2948,100.5,63,2948
11366,153561,153561,2.68,2,5,5,2948,130.7,63,11366
153561,190319,190319,1.84,1,1,5,257541,251.4,63,257541
108853,190319,11366,1.99,2,0,5,257541,120.9,63,257541
2120,382440,153561,2.53,3,5,5,2948,253.0,63,108853
382440,11366,108853,0.53,7,3,5,190319,130.2,63,190319
11366,11366,11366,1.15,3,5,5,257541,256.3,63,108853
133,44457,2948,1.28,6,5,5,2948,191.6,63,2120
108853,382440,108853,1.71,1,3,5,44457,197.0,63,190319
257541,257541,190319,2.84,2,5,5,2948,278.4,63,190319
133,2120,257541,2.25,3,4,5,2120,33.3,63,382440
257541,2120,153561,0.58,1,4,5,2948,9.8,63,2948
2948,108853,44457,0.65,3,4,5,190319,209.4,63,2948
382440,108853,108853,2.76,4,3,5,2948,296.5,63,2948
11366,2120,133,0.71,8,5,5,257541,15.9,63,257541
257541,190319,153561,1.44,5,2,5,153561,133.6,63,108853
2948,153561,382440,2.58,2,2,5,108853,115.1,63,382440
11366,153561,133,2.3,1,1,5,190319,230.7,63,11366
190319,153561,153561,2.08,2,5,5,153561,176.0,63,190319
190319,44457,2948,1.77,1,2,5,382440,167.0,63,382440
133,2120,153561,2.04,3,4,5,382440,93.1,63,382440
2948,44457,153561,2.44,5,0,5,11366,56.0,63,11366
153561,382440,2948,1.22,1,4,5,153561,99.5,63,153561
44457,2948,2948,2.2,5,5,5,257541,114.3,63,2120
133,153561,153561,2.84,8,3,5,11366,145.1,63,11366
190319,108853,11366,0.88,5,5,5,2948,243.1,63,2948
190319,2948,382440,0.59,2,5,5,108853,81.5,63,108853
2948,2120,2120,2.89,6,5,5,133,165.6,63,133
133,133,108853,1.19,4,3,5,133,220.1,63,133
257541,108853,257541,2.75,2,3,5,108853,249.9,63,108853
108853,153561,190319,1.54,1,3,5,190319,293.1,63,190319
382440,382440,2120,1.7,3,0,5,257541,164.6,63,257541
2120,153561,153561,2.93,5,4,5,257541,86.6,63,133
44457,44457,11366,2.79,1,1,5,44457,23.4,63,108853
190319,382440,2948,2.41,1,3,5,257541,19.4,63,257541
2120,190319,2120,2.49,2,1,5,382440,97.7,63,382440
153561,44457,11366,2.42,1,1,5,133,13.3,63,133
133,153561,153561,0.56,3,2,5,153561,284.9,63,153561
382440,44457,382440,0.73,1,2,5,11366,54.0,63,11366
2120,108853,257541,0.82,1,2,5,190319,161.6,63,2948
382440,44457,44457,1.93,8,0,5,382440,150.3,63,382440
2948,190319,44457,2.82,3,5,5,257541,177.7,63,257541
11366,382440,257541,2.03,2,4,5,108853,265.8,63,11366
190319,133,133,2.24,1,4,5,382440,164.3,63,108853
257541,11366,44457,1.45,2,4,5,153561,282.4,63,153561
153561,11366,133,0.87,6,5,5,11366,54.1,63,11366
2120,2120,133,1.88,7,0,5,2120,270.6,63,2120
2120,44457,382440,1.23,1,1,5,11366,245.6,63,11366
2948,133,133,2.37,2,5,5,11366,297.8,63,11366
2120,382440,2948,1.86,1,0,5,11366,23.7,63,11366
2948,44457,11366,2.22,2,4,5,44457,21.4,63,257541
257541,44457,44457,2.0,1,4,5,190319,125.7,63,190319
2948,382440,11366,2.43,2,0,5,153561,111.8,63,153561
11366,133,133,0.7,5,1,5,44457,33.4,63,2120
190319,153561,108853,2.57,1,2,5,190319,31.4,63,190319
2948,153561,11366,1.04,6,4,5,2948,76.2,63,153561
108853,257541,44457,0.53,3,1,5,2120,85.9,63,257541
153561,108853,2948,1.88,3,4,5,257541,101.0,63,257541
11366,108853,2948,2.78,8,0,5,382440,77.7,63,382440
382440,2120,133,1.11,2,4,5,133,27.1,63,133
2948,11366,382440,2.56,5,4,5,382440,212.9,63,382440
133,2948,2948,2.55,1,2,5,2948,245.3,63,2948
11366,108853,382440,2.12,2,3,5,382440,10.5,63,382440
108853,108853,2120,2.34,1,3,5,190319,164.0,63,11366
2120,44457,44457,1.58,5,2,5,257541,236.2,63,257541
133,257541,382440,1.42,2,4,5,153561,133.3,63,11366
108853,257541,257541,1.03,1,5,5,108853,87.4,63,11366
44457,44457,382440,1.6,2,1,5,382440,195.8,63,257541
382440,108853,11366,0.73,2,5,5,190319,289.9,63,190319
11366,2948,382440,1.58,3,3,5,190319,7.2,63,190319
2120,133,11366,1.85,1,5,5,2120,71.4,63,133
382440,2120,190319,1.58,1,5,5,2948,141.8,63,2948
153561,11366,2120,2.9,1,5,5,2948,91.7,63,2948
11366,2120,108853,1.63,2,1,5,11366,242.5,63,11366
133,44457,133,1.25,1,3,5,257541,21.6,63,2948
108853,153561,2120,2.13,4,3,5,2948,84.6,63,2948
2948,190319,382440,1.62,3,4,5,108853,51.8,63,108853
133,153561,44457,2.33,2,3,5,190319,133.2,63,190319
108853,11366,44457,2.51,1,0,5,11366,26.9,63,11366
108853,44457,257541,1.25,2,1,5,2948,238.3,63,2948
2120,257541,133,1.83,1,0,5,133,53.3,63,133
108853,2120,2948,2.0,2,2,5,133,279.4,63,133
2948,44457,2120,1.34,3,2,5,11366,152.1,63,11366
190319,133,108853,2.29,1,4,5,133,185.8,63,133
382440,133,190319,2.26,2,5,5,2948,181.5,63,11366
190319,44457,11366,1.85,7,4,5,2120,120.3,63,2120
133,2948,153561,1.77,2,2,5,11366,161.4,63,11366
44457,257541,133,2.2,1,0,5,108853,227.2,63,133
11366,382440,153561,2.36,8,2,5,2120,40.4,63,108853
11366,108853,11366,2.22,1,4,5,108853,102.4,63,108853
190319,11366,2120,0.71,7,5,5,153561,147.5,63,153561
133,11366,2948,0.85,8,3,5,2948,63.0,63,382440
108853,11366,190319,2.81,3,2,5,44457,219.9,63,133
2120,133,44457,2.74,8,1,5,2120,255.5,63,2120
108853,133,2948,2.05,2,3,5,2948,220.3,63,2948
190319,190319,133,0.82,1,1,5,133,165.1,63,153561
133,2948,382440,2.68,1,4,5,257541,54.6,63,257541
44457,44457,11366,1.26,6,0,5,133,272.7,63,133
44457,153561,44457,0.63,1,0,5,2948,266.2,63,2948
2948,11366,2120,0.57,3,4,5,190319,260.9,63,108853
11366,153561,257541,2.16,4,3,5,108853,36.1,63,108853
2120,44457,44457,1.65,1,0,5,11366,299.3,63,11366
257541,257541,2948,2.19,1,0,5,257541,213.6,63,153561
2948,190319,108853,2.68,5,5,5,133,114.6,63,133
133,2120,190319,2.68,1,4,5,11366,91.7,63,11366
257541,153561,257541,2.74,1,2,5,133,164.4,63,133
44457,44457,257541,1.75,3,0,5,44457,295.5,63,257541
153561,190319,2120,1.36,8,5,5,2120,176.1,63,2120
2948,2120,382440,2.07,2,3,5,257541,59.9,63,257541
2120,382440,108853,1.68,2,3,5,11366,126.0,63,11366
2948,133,2120,1.15,1,1,5,190319,44.7,63,108853
11366,133,2120,1.32,5,0,5,2120,239.6,63,2120
190319,190319,257541,2.8,1,5,5,11366,265.3,63,11366
190319,2120,11366,1.5,5,5,5,2948,183.2,63,2948
2120,382440,44457,1.97,6,3,5,190319,26.6,63,190319
133,257541,133,2.85,2,5,5,108853,66.8,63,108853
382440,190319,108853,0.7,3,2,5,382440,255.0,63,382440
44457,190319,11366,1.73,1,5,5,257541,148.0,63,257541
44457,108853,133,2.51,1,4,5,44457,150.3,63,11366
133,44457,11366,2.47,1,2,5,11366,1.5,63,11366
2120,11366,44457,0.93,2,1,5,133,100.5,63,133
153561,2120,257541,1.77,1,5,5,11366,55.6,63,11366
108853,2948,382440,2.37,3,5,5,257541,45.0,63,257541
190319,382440,382440,0.65,1,3,5,2948,126.6,63,2948
133,11366,190319,0.59,3,3,5,11366,85.6,63,2948
44457,257541,190319,2.65,5,2,5,2120,223.4,63,2120
2120,382440,2948,2.34,7,2,5,11366,264.2,63,11366
153561,382440,153561,2.39,2,1,5,11366,244.3,63,11366
133,2120,11366,1.8,7,5,5,2120,14.5,63,2120
2948,11366,108853,1.11,1,4,5,257541,36.4,63,257541
257541,11366,11366,1.17,4,1,5,11366,198.4,63,11366
2948,108853,153561,1.66,8,0,5,2120,128.5,63,2120
190319,2948,257541,2.39,4,5,5,133,107.0,63,133
44457,190319,11366,1.43,1,3,5,11366,103.5,63,11366
11366,382440,190319,1.15,1,4,5,190319,33.6,63,190319
2120,44457,133,2.21,3,3,5,153561,101.7,63,153561
44457,11366,382440,2.23,1,3,5,257541,131.5,63,257541
44457,11366,382440,2.55,1,0,5,257541,213.8,63,257541
133,108853,2948,1.45,1,5,5,133,201.3,63,108853
2120,2948,108853,0.51,1,1,5,108853,124.9,63,108853
108853,2120,108853,1.26,4,0,5,382440,114.0,63,382440
382440,108853,382440,0.85,7,3,5,257541,134.5,63,2120
153561,190319,44457,0.51,6,4,5,2120,174.1,63,2120
382440,153561,153561,2.94,1,4,5,153561,238.1,63,133
2120,11366,44457,1.41,7,5,5,153561,20.1,63,153561
44457,153561,11366,1.29,1,1,5,11366,215.7,63,11366
11366,257541,108853,1.64,7,2,5,133,256.3,63,108853
2120,382440,257541,2.85,2,5,5,133,219.9,63,133
2948,2120,44457,2.82,7,5,5,133,292.8,63,133
2948,133,44457,2.27,6,3,5,190319,150.4,63,11366
44457,11366,257541,0.78,8,3,5,257541,167.8,63,382440
11366,44457,2120,1.99,3,5,5,11366,116.6,63,11366
382440,2120,257541,2.4,2,1,5,133,26.8,63,133
108853,257541,11366,2.69,1,4,5,11366,179.4,63,11366
2948,190319,44457,2.83,8,3,5,257541,32.6,63,257541
108853,153561,11366,2.73,1,4,5,190319,106.7,63,190319
108853,133,382440,1.19,3,4,5,153561,212.5,63,153561
257541,153561,382440,1.75,8,5,5,2948,200.9,63,2948
44457,2120,2948,2.28,2,2,5,2948,176.1,63,2948
382440,44457,108853,1.33,1,1,5,108853,115.7,63,108853
2948,2948,382440,2.54,2,3,5,11366,165.9,63,11366
257541,2120,44457,1.73,1,4,5,2948,153.9,63,2948
2948,108853,382440,0.79,5,5,5,190319,146.9,63,190319
108853,133,257541,1.09,3,1,5,11366,144.8,63,108853
257541,133,153561,2.73,5,3,5,2120,12.8,63,2120
133,257541,257541,0.82,2,0,5,2948,40.9,63,2948
153561,257541,133,2.33,1,4,5,11366,112.8,63,11366
11366,190319,2120,2.27,3,5,5,2948,99.9,63,2948
44457,11366,133,0.98,5,3,5,2948,218.8,63,2948
257541,133,11366,0.96,1,0,5,2948,195.8,63,2948
108853,108853,190319,2.71,1,5,5,257541,23.9,63,257541
382440,2120,108853,1.7,2,0,5,108853,94.0,63,108853
2948,2948,190319,1.89,6,4,5,133,136.5,63,133
190319,2948,190319,0.64,8,2,5,2948,77.7,63,2948
190319,2120,257541,1.11,6,1,5,44457,24.1,63,153561
2120,190319,2948,2.15,3,1,5,2948,247.3,63,2948
382440,2948,382440,1.4,3,5,5,257541,142.6,63,257541
133,382440,382440,1.16,1,0,5,2948,290.0,63,2948
44457,2948,133,2.62,2,1,5,2948,139.0,63,2948
153561,44457,2120,2.83,1,5,5,108853,140.4,63,108853
44457,190319,44457,2.11,5,2,5,11366,262.9,63,11366
11366,2120,133,2.89,2,0,5,257541,170.5,63,257541
2948,2948,153561,2.64,7,2,5,11366,123.8,63,257541
2948,2120,2120,2.55,2,1,5,108853,109.5,63,108853
108853,44457,153561,1.69,1,0,5,2948,124.6,63,2948
133,257541,190319,1.31,1,3,5,153561,275.3,63,153561
108853,190319,190319,1.2,1,5,5,11366,236.5,63,153561
382440,44457,108853,0.69,1,1,5,257541,188.2,63,257541
2120,153561,11366,2.79,4,3,5,190319,150.1,63,190319
44457,382440,133,1.65,3,0,5,2948,54.9,63,2948
190319,2948,44457,0.55,3,2,5,2948,170.5,63,2948
190319,11366,108853,2.11,3,4,5,382440,109.3,63,382440
2120,44457,11366,2.02,1,2,5,44457,229.1,63,2948
382440,190319,11366,0.57,2,0,5,2948,255.7,63,2948
11366,108853,382440,1.43,1,2,5,382440,266.6,63,133
257541,44457,2948,2.85,8,0,5,2120,20.8,63,2120
11366,133,190319,1.68,2,3,5,2948,198.9,63,2948
44457,2948,153561,2.06,1,5,5,2948,211.2,63,2948
108853,133,190319,1.36,1,5,5,2120,90.3,63,382440
2120,11366,11366,0.75,1,4,5,2948,50.9,63,2948
11366,2120,108853,1.82,1,5,5,153561,187.7,63,133
257541,153561,2120,1.76,2,2,5,153561,195.5,63,153561
382440,257541,108853,2.56,7,4,5,382440,150.5,63,382440
153561,2120,382440,2.63,2,3,5,108853,229.5,63,190319
133,153561,44457,1.13,4,5,5,11366,25.9,63,11366
2120,2948,190319,1.64,1,0,5,11366,42.5,63,11366
133,2948,2120,1.47,3,1,5,382440,166.5,63,382440
44457,11366,44457,1.46,1,0,5,108853,15.8,63,108853
257541,153561,2948,1.1,7,4,5,2948,95.4,63,2948
108853,382440,133,2.78,1,2,5,2948,12.4,63,2948
153561,2120,108853,1.28,1,1,5,190319,158.3,63,382440
11366,2948,153561,1.07,4,4,5,382440,25.9,63,382440
44457,11366,257541,2.17,5,0,5,11366,133.9,63,2120
2948,108853,257541,1.86,1,4,5,133,259.7,63,133
153561,133,153561,2.41,2,0,5,11366,174.3,63,11366
2948,2120,133,0.89,2,4,5,257541,2.4,63,2948
108853,133,2120,1.75,2,1,5,108853,263.8,63,108853
44457,2120,2948,2.02,3,0,5,11366,68.0,63,11366
2120,382440,257541,2.95,1,3,5,2948,250.2,63,2948
2120,190319,44457,2.59,1,5,5,382440,174.2,63,382440
382440,257541,382440,2.85,8,1,5,11366,68.7,63,11366
382440,382440,11366,2.77,1,5,5,2948,264.5,63,108853
153561,133,44457,1.28,7,4,5,2948,236.0,63,2948
2948,44457,382440,2.4,4,4,5,382440,77.1,63,190319
257541,153561,2120,2.51,1,2,5,190319,181.2,63,257541
44457,44457,44457,1.06,1,2,5,257541,169.4,63,257541
190319,133,382440,2.37,8,0,5,2120,201.6,63,2120
382440,108853,257541,2.53,2,5,5,382440,142.2,63,382440
44457,108853,190319,1.4,5,2,5,190319,264.3,63,190319
257541,382440,2948,0.69,6,4,5,2120,273.2,63,2120
44457,382440,11366,1.71,2,5,5,382440,54.5,63,382440
257541,190319,190319,1.73,1,5,5,11366,264.4,63,11366
190319,190319,153561,1.21,1,4,5,108853,75.4,63,190319
108853,11366,2948,2.29,7,1,5,133,245.4,63,133
190319,133,2120,2.73,3,4,5,133,94.2,63,133
382440,190319,2948,1.27,2,1,5,11366,247.7,63,11366
153561,2948,11366,1.59,1,3,5,11366,122.6,63,11366
108853,44457,108853,1.34,8,0,5,2120,282.2,63,2120
153561,2120,2948,2.91,3,1,5,11366,79.6,63,11366
44457,44457,382440,0.85,1,1,5,133,140.9,63,133
257541,11366,44457,1.11,3,1,5,11366,18.2,63,11366
2948,190319,44457,2.92,1,5,5,190319,156.3,63,11366
108853,133,190319,2.67,2,0,5,2948,222.3,63,2948
44457,2948,133,1.56,3,0,5,382440,184.9,63,11366
133,44457,2120,2.28,2,5,5,382440,51.7,63,382440
257541,44457,257541,2.35,8,1,5,2120,220.7,63,2120
190319,2948,382440,1.75,1,2,5,190319,166.9,63,190319
108853,133,382440,2.68,2,3,5,190319,170.4,63,190319
190319,2120,2120,0.94,8,3,5,108853,15.9,63,108853
133,11366,133,2.69,1,3,5,108853,230.3,63,108853
382440,133,257541,2.57,2,1,5,382440,263.3,63,382440
153561,44457,190319,2.01,1,4,5,2948,264.8,63,2948
153561,133,133,1.07,2,0,5,108853,32.0,63,108853
108853,133,2120,1.96,5,2,5,11366,145.3,63,11366
2948,44457,133,1.02,1,1,5,108853,294.8,63,108853
2120,190319,133,1.14,1,4,5,382440,254.0,63,382440
2948,153561,11366,1.71,7,2,5,2120,4.2,63,2120
11366,108853,2120,2.04,5,1,5,11366,237.1,63,11366
257541,108853,133,2.11,2,3,5,382440,296.0,63,2948
11366,44457,382440,1.81,3,5,5,257541,247.4,63,257541
108853,382440,133,2.47,3,4,5,2948,133.1,63,2948
11366,2948,133,1.61,8,3,5,2120,106.9,63,2120
11366,108853,108853,0.71,4,0,5,382440,158.7,63,257541
11366,257541,2120,2.56,1,2,5,257541,240.9,63,257541
2948,108853,133,2.38,2,4,5,382440,132.3,63,382440
44457,11366,2120,2.18,2,0,5,11366,179.9,63,11366
382440,133,133,2.85,2,0,5,133,58.7,63,133
133,133,133,1.3,1,1,5,133,209.2,63,133
44457,382440,108853,1.77,7,1,5,108853,9.9,63,2120
190319,133,257541,0.75,1,4,5,11366,29.3,63,11366
257541,133,44457,1.8,3,4,5,133,7.6,63,133
108853,2948,133,2.19,1,0,5,2948,252.9,63,2948
2120,44457,44457,2.04,1,3,5,11366,9.3,63,11366
382440,44457,190319,1.58,2,1,5,382440,108.3,63,11366
190319,2948,153561,0.54,3,3,5,153561,40.5,63,153561
108853,108853,257541,2.87,7,1,5,153561,110.7,63,153561
2120,2120,153561,1.29,3,0,5,257541,246.8,63,11366
133,153561,382440,0.85,2,0,5,133,154.3,63,133
257541,2948,2120,1.37,2,0,5,382440,195.3,63,257541
108853,257541,190319,2.78,3,2,5,11366,244.1,63,11366
108853,44457,2948,0.68,1,4,5,190319,1.3,63,190319
153561,133,2948,2.73,2,1,5,382440,84.7,63,2948
190319,190319,382440,1.24,8,5,5,2948,102.2,63,2948
2948,382440,2120,2.93,6,4,5,2120,225.2,63,2120
133,257541,153561,1.56,2,1,5,190319,75.6,63,382440
190319,153561,382440,2.04,3,1,5,108853,43.7,63,2948
382440,257541,382440,2.87,1,2,5,133,294.9,63,133
382440,2948,44457,0.92,6,1,5,2948,106.3,63,2948
190319,133,133,2.89,3,4,5,257541,221.3,63,2948
11366,153561,133,1.84,1,2,5,257541,227.3,63,257541
382440,153561,108853,2.02,8,0,5,257541,286.6,63,257541
11366,153561,2120,1.97,7,2,5,11366,48.2,63,133
2948,153561,382440,1.55,1,0,5,133,86.2,63,133
44457,2948,133,2.69,3,5,5,11366,0.2,63,11366
257541,153561,257541,2.72,8,1,5,2948,199.8,63,2948
108853,2120,44457,1.42,3,3,5,2948,219.8,63,2948
11366,11366,2948,2.25,1,0,5,2948,169.3,63,2948
133,257541,108853,2.25,5,4,5,2120,172.6,63,2120
108853,153561,153561,0.68,3,5,5,2948,185.4,63,2948
11366,153561,2948,1.97,1,4,5,2120,112.4,63,257541
108853,2948,44457,2.34,2,2,5,133,178.7,63,133
190319,11366,133,2.43,3,1,5,190319,7.9,63,190319
2948,2120,382440,2.0,2,1,5,108853,142.9,63,108853
153561,257541,190319,1.06,6,4,5,133,187.6,63,153561
257541,44457,2120,0.62,3,4,5,133,20.8,63,133
190319,153561,133,1.87,1,3,5,133,279.5,63,133
257541,257541,190319,2.83,1,3,5,133,172.3,63,133
257541,44457,133,1.63,2,3,5,153561,281.0,63,153561
133,11366,382440,2.16,2,5,5,11366,241.7,63,2948
11366,44457,257541,1.82,7,1,5,11366,38.0,63,11366
133,108853,44457,1.87,4,1,5,11366,113.8,63,11366
133,11366,2948,1.78,1,5,5,133,238.3,63,133
190319,11366,257541,2.6,2,2,5,108853,107.5,63,11366
190319,108853,257541,0.69,7,2,5,2120,196.6,63,153561
11366,44457,257541,2.2,3,0,5,44457,247.6,63,2948
153561,108853,2120,1.85,1,0,5,153561,210.4,63,153561
382440,44457,44457,2.75,1,5,5,108853,246.8,63,108853
2120,133,44457,1.07,6,3,5,108853,146.3,63,11366
257541,190319,190319,2.39,2,1,5,153561,149.4,63,153561
2948,257541,153561,2.53,2,1,5,11366,208.9,63,11366
153561,133,190319,2.65,8,0,5,133,287.9,63,2120
153561,11366,2120,0.61,2,1,5,382440,204.6,63,382440
2120,44457,382440,1.78,1,4,5,190319,24.0,63,2948
153561,44457,133,2.34,4,0,5,382440,231.2,63,382440
153561,44457,133,1.19,1,4,5,2948,205.4,63,2948
257541,190319,153561,2.83,2,3,5,44457,216.1,63,11366
108853,382440,382440,2.21,3,3,5,190319,25.3,63,257541
257541,2120,2120,2.88,1,4,5,133,41.6,63,133
257541,190319,257541,1.92,3,2,5,257541,128.1,63,2948
257541,190319,190319,2.58,5,2,5,108853,120.9,63,11366
2948,190319,133,2.31,7,1,5,257541,256.3,63,11366
153561,190319,44457,1.23,2,1,5,257541,181.7,63,257541
44457,11366,108853,1.08,1,3,5,190319,193.8,63,190319
44457,2120,11366,0.52,1,1,5,190319,218.4,63,190319
108853,44457,11366,1.8,1,2,5,382440,104.0,63,108853
11366,257541,2120,2.25,8,2,5,190319,271.9,63,190319
44457,133,2120,1.76,1,1,5,133,198.4,63,133
153561,257541,2120,1.63,7,3,5,11366,99.2,63,11366
44457,257541,44457,1.25,1,5,5,382440,53.0,63,382440
257541,190319,190319,2.17,4,2,5,153561,174.4,63,153561
382440,2120,2948,0.63,8,5,5,133,176.5,63,2948
2948,44457,133,0.94,1,3,5,2948,80.9,63,2948
153561,382440,108853,1.81,1,5,5,44457,251.9,63,153561
153561,190319,2120,2.32,2,1,5,11366,122.6,63,11366
190319,11366,2120,0.87,1,3,5,257541,188.2,63,257541
133,2948,382440,2.4,2,3,5,190319,191.6,63,190319
44457,257541,190319,2.12,1,4,5,382440,71.5,63,382440
11366,108853,108853,2.14,3,3,5,257541,262.7,63,190319
44457,2120,190319,1.01,3,2,5,11366,19.4,63,11366
153561,44457,190319,0.83,7,4,5,133,192.2,63,133
2120,44457,44457,1.25,5,2,5,133,284.0,63,133
133,44457,108853,0.86,3,4,5,190319,55.5,63,190319
2948,190319,133,0.96,3,2,5,257541,237.0,63,257541
2948,133,133,0.82,1,2,5,190319,91.1,63,190319
108853,153561,108853,2.97,4,1,5,153561,160.5,63,382440
190319,257541,190319,2.59,3,5,5,2120,64.2,63,11366
2120,2948,2948,2.95,1,5,5,2948,163.0,63,2948
257541,44457,2948,2.85,4,1,5,133,242.4,63,133
2120,133,2120,1.02,8,2,5,108853,149.4,63,2948
153561,44457,44457,1.09,5,0,5,2948,191.5,63,2948
190319,2120,108853,1.0,1,1,5,2948,270.2,63,133
108853,44457,382440,1.7,1,4,5,2948,187.6,63,2948
133,44457,44457,2.08,1,4,5,108853,255.5,63,108853
44457,2948,11366,1.54,3,5,5,190319,137.9,63,190319
108853,108853,153561,0.8,1,3,5,2948,4.4,63,2948
382440,108853,190319,1.02,3,5,5,108853,4.8,63,382440
44457,44457,44457,1.86,1,1,5,133,152.7,63,133
190319,44457,44457,1.24,3,5,5,257541,201.6,63,257541
133,11366,108853,2.6,2,5,5,153561,34.1,63,382440
44457,257541,2120,1.11,2,1,5,108853,112.2,63,108853
257541,44457,257541,2.26,1,1,5,2948,10.3,63,2948
2120,257541,382440,1.25,1,3,5,382440,120.1,63,11366
2948,257541,11366,2.91,1,3,5,153561,177.9,63,153561
2948,2948,2948,2.31,4,3,5,2948,172.7,63,2948
382440,190319,108853,0.9,4,2,5,2120,175.1,63,2120
108853,257541,257541,1.8,1,1,5,257541,245.4,63,108853
108853,2120,257541,2.21,6,0,5,133,59.1,63,133
2120,153561,108853,2.5,8,1,5,382440,252.7,63,11366
257541,382440,44457,2.21,1,1,5,2948,104.9,63,2948
257541,108853,257541,1.01,7,3,5,2120,148.8,63,190319
382440,108853,108853,2.83,1,1,5,190319,160.3,63,190319
44457,382440,108853,1.08,5,2,5,2120,60.2,63,2120
11366,257541,44457,2.78,1,1,5,108853,92.5,63,108853
153561,2120,2948,0.61,2,3,5,133,179.5,63,133
257541,153561,382440,1.09,1,1,5,133,97.3,63,108853
190319,2948,257541,2.91,6,5,5,190319,197.8,63,190319
257541,153561,133,2.75,8,2,5,382440,104.9,63,382440
382440,44457,108853,1.96,1,5,5,382440,145.7,63,382440
2948,44457,153561,2.98,5,4,5,11366,132.3,63,11366
44457,108853,11366,1.47,4,4,5,153561,171.9,63,153561
108853,2120,133,2.62,2,0,5,2948,239.7,63,2948
2948,108853,133,0.83,3,3,5,190319,106.3,63,190319
133,257541,11366,0.77,4,3,5,257541,278.8,63,2120
153561,190319,44457,1.21,5,2,5,11366,200.3,63,11366
44457,11366,108853,0.95,1,1,5,44457,73.3,63,257541
382440,382440,382440,2.11,5,5,5,11366,131.6,63,11366
2948,2948,153561,2.92,2,3,5,190319,189.9,63,190319
108853,11366,2948,2.36,1,4,5,153561,241.9,63,153561
133,153561,2948,0.81,7,1,5,2120,138.1,63,2120
2948,153561,11366,1.67,6,1,5,257541,291.5,63,257541
44457,44457,153561,1.5,8,1,5,11366,61.3,63,11366
2120,133,108853,2.0,6,4,5,11366,43.4,63,2120
2120,382440,382440,0.73,4,0,5,257541,27.8,63,133
11366,190319,108853,2.69,1,2,5,133,103.7,63,133
2120,11366,2120,0.5,3,0,5,153561,28.7,63,257541
153561,133,11366,0.66,1,3,5,257541,292.3,63,133
133,257541,108853,1.02,1,4,5,44457,237.7,63,257541
190319,11366,2948,1.92,1,4,5,153561,269.6,63,2948
190319,190319,108853,1.69,3,3,5,2948,134.3,63,2948
133,44457,108853,0.77,5,1,5,11366,299.8,63,11366
2120,382440,2120,1.87,2,4,5,2948,67.2,63,11366
2120,190319,2948,1.38,1,2,5,153561,226.8,63,153561
153561,11366,133,2.51,4,4,5,2120,96.3,63,153561
153561,44457,153561,2.35,1,5,5,2120,106.3,63,108853
2948,190319,257541,1.96,5,0,5,133,54.2,63,108853
11366,153561,2120,2.92,3,1,5,382440,216.3,63,382440
11366,108853,2120,1.19,2,3,5,133,293.8,63,133
44457,153561,133,2.67,3,2,5,190319,190.6,63,133
2120,153561,108853,2.62,4,4,5,2948,32.4,63,2948
257541,382440,257541,2.44,1,2,5,153561,13.1,63,153561
2948,382440,133,2.25,5,2,5,2948,1.1,63,2948
382440,11366,190319,1.71,7,4,5,2948,246.6,63,2948
382440,257541,133,1.09,8,3,5,2948,297.1,63,2948
11366,108853,2120,1.85,1,3,5,153561,255.3,63,257541
257541,2120,108853,1.47,1,4,5,44457,204.8,63,11366
382440,190319,2948,1.44,1,3,5,11366,172.9,63,11366
2120,11366,44457,2.63,6,5,5,2948,260.7,63,382440
382440,382440,382440,2.81,6,0,5,11366,155.2,63,11366
190319,2948,190319,1.83,2,3,5,257541,115.3,63,11366
190319,133,382440,1.54,3,4,5,382440,7.1,63,382440
44457,190319,382440,1.62,1,3,5,11366,150.5,63,11366
2948,133,382440,1.26,1,0,5,257541,48.0,63,2948
2948,153561,108853,2.32,1,4,5,257541,18.5,63,257541
44457,2948,382440,1.96,7,2,5,11366,94.1,63,11366
2120,2120,133,2.09,6,3,5,2948,70.7,63,2948
108853,44457,11366,2.48,4,1,5,2120,156.9,63,2120
257541,257541,44457,0.62,1,3,5,153561,21.6,63,257541
44457,153561,382440,2.86,1,1,5,153561,158.6,63,108853
133,382440,382440,0.96,2,5,5,153561,124.5,63,153561
44457,190319,11366,2.86,1,1,5,257541,277.6,63,382440
382440,382440,190319,1.74,1,5,5,11366,157.3,63,11366
108853,2120,153561,1.75,1,3,5,108853,34.3,63,108853
44457,133,108853,1.58,3,0,5,2948,64.4,63,2948
2120,190319,108853,2.63,1,3,5,108853,182.1,63,133
108853,257541,11366,0.64,1,5,5,190319,191.0,63,190319
133,44457,153561,0.85,2,0,5,153561,245.9,63,153561
2948,257541,153561,2.13,1,3,5,133,133.8,63,133
44457,382440,133,0.69,1,4,5,11366,106.9,63,153561
2120,2120,133,1.44,8,3,5,382440,249.6,63,2120
382440,11366,153561,2.62,1,4,5,190319,47.0,63,2948
382440,257541,108853,0.8,6,1,5,2120,8.9,63,2120
11366,190319,190319,2.32,1,1,5,382440,31.3,63,382440
11366,108853,257541,0.62,1,3,5,257541,19.0,63,257541
2948,153561,11366,0.98,2,0,5,153561,292.1,63,153561
133,153561,190319,1.58,1,3,5,190319,118.1,63,190319
2948,11366,133,0.78,1,1,5,44457,200.5,63,11366
133,133,190319,1.2,3,1,5,11366,180.5,63,11366
190319,257541,108853,2.49,1,1,5,382440,272.9,63,382440
2120,11366,11366,1.94,2,2,5,153561,128.0,63,153561
382440,2120,257541,2.06,2,0,5,382440,37.0,63,382440
44457,382440,2948,1.12,5,1,5,133,272.7,63,133
11366,11366,44457,0.64,2,3,5,11366,128.1,63,11366
190319,190319,2948,1.56,1,3,5,190319,173.1,63,190319
257541,108853,44457,2.27,2,2,5,2948,181.5,63,2948
382440,108853,153561,1.97,2,4,5,257541,116.3,63,257541
133,133,133,1.06,1,5,5,190319,0.2,63,190319
44457,11366,382440,2.99,2,5,5,190319,15.0,63,190319
11366,382440,108853,2.19,8,0,5,2120,233.3,63,2120
11366,190319,190319,1.2,1,3,5,382440,135.7,63,133
133,153561,190319,1.07,1,5,5,153561,27.1,63,153561
133,11366,257541,1.61,3,0,5,190319,157.8,63,133
153561,382440,2948,2.2,5,2,5,2948,284.5,63,153561
2948,190319,153561,0.53,3,5,5,2948,23.1,63,2948
108853,108853,190319,2.5,5,1,5,2120,8.7,63,2120
190319,2120,382440,1.26,1,3,5,11366,15.6,63,11366
108853,44457,11366,2.94,3,5,5,257541,35.2,63,257541
190319,11366,153561,2.05,8,3,5,382440,7.5,63,190319
2948,190319,190319,1.88,4,4,5,257541,241.4,63,257541
133,133,257541,2.49,3,0,5,108853,135.1,63,108853
133,257541,11366,1.8,8,2,5,2120,171.0,63,2120
153561,133,44457,1.19,1,0,5,153561,232.5,63,153561
190319,2948,257541,1.27,3,5,5,257541,282.9,63,257541
2948,153561,382440,2.68,1,3,5,2948,109.9,63,2948
382440,2120,2948,0.66,1,0,5,133,277.0,63,2948
11366,153561,11366,1.46,1,2,5,108853,120.9,63,108853
133,153561,108853,1.13,2,0,5,133,95.7,63,133
257541,108853,44457,2.8,1,5,5,11366,110.9,63,11366
44457,11366,133,1.35,3,5,5,133,76.1,63,153561
382440,190319,257541,0.69,3,4,5,133,3.0,63,11366
2120,44457,108853,1.04,5,5,5,11366,122.4,63,11366
108853,257541,2948,2.38,5,2,5,108853,12.3,63,108853
257541,133,153561,1.65,2,4,5,108853,135.7,63,108853
108853,190319,257541,1.45,1,4,5,382440,248.7,63,382440
2948,2120,382440,2.84,5,1,5,108853,9.0,63,108853
2120,108853,2948,1.29,1,5,5,153561,158.2,63,11366
257541,11366,108853,1.67,2,4,5,11366,206.4,63,133
108853,108853,382440,1.38,4,2,5,11366,79.4,63,11366
257541,11366,382440,0.83,8,3,5,190319,121.0,63,108853
257541,190319,44457,0.98,5,5,5,11366,293.5,63,11366
257541,190319,133,1.81,1,5,5,382440,7.2,63,382440
44457,108853,153561,0.72,2,0,5,2948,80.9,63,2948
190319,2120,257541,2.25,2,0,5,2948,218.1,63,257541
2120,2948,257541,2.43,8,5,5,257541,130.3,63,257541
382440,382440,257541,0.59,1,0,5,190319,284.9,63,190319
44457,2120,190319,2.45,1,4,5,382440,281.6,63,382440
108853,257541,133,1.22,1,5,5,133,158.1,63,133
190319,382440,44457,1.23,1,4,5,2948,125.5,63,2948
2948,257541,382440,1.0,1,5,5,382440,63.9,63,11366
11366,11366,257541,0.65,2,4,5,108853,244.9,63,108853
2948,44457,108853,2.04,6,2,5,133,253.9,63,133
2948,44457,153561,1.74,2,0,5,44457,42.4,63,11366
153561,108853,108853,2.98,8,0,5,2120,195.9,63,2120
190319,153561,190319,2.74,1,2,5,382440,22.6,63,382440
2120,133,382440,2.22,8,5,5,108853,31.1,63,108853
153561,382440,190319,0.69,8,0,5,2948,106.4,63,2948
108853,108853,257541,0.91,2,4,5,257541,211.4,63,108853
257541,44457,382440,1.44,2,4,5,11366,259.4,63,11366
153561,190319,257541,2.77,1,2,5,108853,104.4,63,108853
44457,190319,44457,1.98,6,4,5,133,170.9,63,133
108853,44457,44457,2.37,1,1,5,11366,100.2,63,11366
133,153561,153561,2.54,7,3,5,133,226.9,63,133
108853,2120,382440,1.62,1,3,5,153561,92.4,63,11366
382440,382440,2948,1.6,1,3,5,153561,164.8,63,153561
2948,108853,44457,0.79,1,3,5,2948,47.2,63,2948
2948,2120,2948,1.83,3,4,5,190319,104.9,63,190319
133,257541,2120,1.57,1,0,5,11366,231.4,63,11366
133,11366,11366,2.0,1,5,5,153561,296.3,63,2948
44457,382440,153561,2.13,4,0,5,11366,17.9,63,11366
2120,44457,133,1.07,2,1,5,11366,179.7,63,11366
2948,2948,190319,1.87,6,2,5,108853,205.5,63,11366
11366,2120,257541,2.76,1,3,5,2948,167.1,63,11366
153561,44457,190319,2.84,5,4,5,153561,110.9,63,153561
133,44457,190319,0.87,2,0,5,153561,176.0,63,153561
2120,153561,2948,1.85,6,3,5,2120,163.1,63,2120
108853,190319,44457,2.95,1,3,5,108853,64.1,63,108853
2120,382440,382440,2.41,1,5,5,2948,273.4,63,2948
153561,2120,11366,1.02,2,3,5,2948,116.1,63,2948
133,2948,11366,2.76,3,0,5,190319,34.4,63,153561
190319,153561,190319,1.2,1,5,5,2948,259.4,63,2948
11366,2948,382440,1.27,3,3,5,257541,60.4,63,257541
382440,11366,133,0.89,8,0,5,190319,108.0,63,2948
382440,108853,2120,2.25,1,0,5,2948,35.9,63,2948
133,382440,133,2.09,2,5,5,11366,205.1,63,11366
44457,2948,190319,1.16,4,1,5,382440,75.1,63,2120
2120,190319,2948,1.67,3,5,5,133,114.5,63,153561
257541,2948,108853,1.59,8,5,5,153561,244.0,63,2120
382440,133,382440,2.29,5,4,5,2120,257.1,63,2120
2948,133,153561,2.47,1,1,5,108853,56.4,63,108853
190319,44457,190319,1.06,2,4,5,257541,148.4,63,257541
11366,382440,11366,2.2,1,2,5,153561,176.7,63,153561
133,11366,11366,1.02,1,5,5,133,23.2,63,11366
108853,153561,133,2.17,2,0,5,190319,168.9,63,2948
190319,153561,257541,0.92,8,3,5,2948,291.1,63,2948
11366,190319,2948,1.7,1,3,5,108853,97.8,63,108853
2948,44457,257541,2.91,1,0,5,2948,280.4,63,2948
190319,133,257541,1.23,3,2,5,108853,20.3,63,108853
2120,257541,257541,2.47,1,0,5,382440,285.2,63,382440
382440,382440,11366,1.31,2,5,5,382440,81.5,63,382440
2948,11366,133,0.65,1,0,5,382440,87.5,63,382440
153561,153561,11366,2.37,2,0,5,190319,257.8,63,190319
2948,153561,190319,1.62,1,5,5,257541,154.9,63,108853
257541,108853,133,0.85,8,4,5,153561,108.3,63,153561
2120,133,133,0.97,3,0,5,11366,226.4,63,11366
2948,382440,2948,2.29,7,5,5,133,20.4,63,2120
382440,2948,133,2.9,7,4,5,153561,119.1,63,153561
257541,153561,153561,1.48,1,5,5,108853,66.4,63,108853
2948,133,11366,1.3,3,3,5,382440,248.6,63,382440
382440,257541,2120,2.9,1,4,5,382440,179.2,63,382440
2948,382440,257541,1.9,1,2,5,133,46.9,63,108853
382440,2120,153561,2.92,2,4,5,108853,47.5,63,108853
2120,257541,133,2.62,7,3,5,382440,231.7,63,133
11366,257541,44457,1.81,3,0,5,257541,175.7,63,257541
2948,190319,153561,1.25,1,5,5,133,69.1,63,153561
257541,153561,108853,2.36,4,2,5,2948,52.7,63,11366
44457,382440,2120,0.65,1,3,5,11366,14.9,63,11366
2120,382440,11366,1.13,7,3,5,2120,196.9,63,2120
11366,257541,11366,0.82,1,1,5,44457,43.6,63,382440
133,133,153561,0.69,1,0,5,2948,201.0,63,108853
382440,190319,257541,2.1,1,0,5,153561,73.1,63,153561
257541,133,153561,2.26,3,1,5,190319,145.4,63,190319
257541,257541,190319,0.72,2,2,5,257541,40.9,63,257541
11366,153561,382440,1.22,3,4,5,153561,259.6,63,153561
2120,133,257541,2.7,1,1,5,133,220.7,63,133
257541,257541,2948,1.89,4,5,5,11366,105.8,63,11366
2948,2948,382440,1.05,1,5,5,2948,42.3,63,2948
382440,382440,382440,2.17,7,4,5,2948,95.0,63,2948
382440,190319,108853,1.58,6,1,5,2120,110.1,63,2120
2948,153561,382440,0.94,5,3,5,2948,167.8,63,2948
257541,257541,133,2.53,3,3,5,190319,143.1,63,190319
190319,190319,190319,2.95,4,3,5,133,8.4,63,190319
108853,11366,11366,2.61,2,0,5,108853,131.2,63,2948
2120,2120,133,0.56,2,0,5,133,108.6,63,133
44457,11366,2120,1.28,1,4,5,11366,91.6,63,11366
2948,2120,2120,1.26,3,0,5,11366,267.6,63,11366
190319,11366,153561,2.51,1,5,5,382440,129.0,63,133
382440,108853,153561,2.49,8,3,5,2948,267.2,63,108853
2948,108853,11366,1.0,1,3,5,11366,178.8,63,11366
44457,108853,11366,1.59,1,5,5,44457,30.1,63,190319
190319,2948,190319,0.71,1,2,5,108853,163.4,63,108853
153561,108853,2948,0.74,5,2,5,382440,119.3,63,382440
257541,2120,44457,2.86,1,1,5,153561,195.8,63,153561
2948,382440,257541,0.53,7,5,5,2120,106.0,63,2120
108853,133,2120,0.84,1,1,5,11366,95.1,63,11366
133,108853,133,0.56,1,3,5,11366,10.2,63,11366
382440,257541,44457,1.3,4,1,5,108853,78.6,63,108853
153561,133,2948,0.93,8,4,5,2120,130.0,63,2120
2948,190319,190319,2.52,2,2,5,108853,256.6,63,108853
257541,108853,133,1.35,3,4,5,2948,194.7,63,2948
11366,190319,190319,2.25,5,2,5,153561,271.1,63,153561
153561,382440,2948,1.89,3,5,5,153561,217.7,63,153561
108853,382440,133,0.74,1,2,5,153561,73.6,63,11366
2948,153561,133,2.8,2,4,5,133,100.1,63,133
108853,190319,11366,1.4,1,5,5,2948,238.8,63,2948
153561,153561,153561,0.74,2,5,5,153561,107.4,63,153561
11366,11366,382440,1.31,6,4,5,2120,280.1,63,2120
153561,153561,108853,0.68,1,1,5,133,278.8,63,11366
153561,382440,2120,1.27,5,1,5,2120,22.6,63,2120
44457,108853,11366,1.22,2,4,5,2948,3.4,63,2948
2948,382440,382440,0.55,3,1,5,257541,165.6,63,257541
190319,133,44457,2.23,8,4,5,11366,9.1,63,11366
190319,382440,108853,1.82,2,4,5,2948,156.2,63,2948
190319,190319,2120,0.52,7,4,5,108853,40.2,63,11366
2948,11366,2120,0.92,6,5,5,153561,21.1,63,2120
133,153561,133,2.17,3,1,5,11366,8.6,63,11366
2948,382440,257541,2.85,2,0,5,190319,152.4,63,11366
257541,108853,153561,2.9,8,2,5,108853,224.4,63,133
2948,257541,2948,1.47,1,1,5,153561,276.9,63,153561
153561,11366,44457,0.52,4,4,5,2948,120.2,63,2948
108853,108853,2948,1.64,8,4,5,2120,73.4,63,2120
133,257541,190319,0.98,2,5,5,190319,14.2,63,190319
133,257541,190319,0.79,2,3,5,11366,156.3,63,108853
190319,108853,2948,1.8,4,0,5,2948,22.8,63,2948
382440,133,11366,2.19,5,2,5,2120,260.5,63,2120
153561,133,257541,0.7,1,0,5,382440,195.3,63,382440
133,44457,2948,2.69,1,5,5,133,268.6,63,11366
11366,2948,2120,1.43,2,2,5,257541,21.1,63,257541
382440,44457,133,1.38,3,3,5,11366,157.0,63,11366
153561,2948,108853,0.57,1,0,5,2120,6.0,63,2948
133,382440,190319,1.92,7,5,5,11366,77.5,63,11366
2120,2948,153561,1.95,1,3,5,133,97.4,63,133
382440,382440,2120,1.36,1,3,5,108853,37.4,63,108853
382440,257541,133,2.48,5,2,5,2120,42.9,63,2120
2948,257541,2948,1.44,1,4,5,11366,280.8,63,11366
190319,2948,190319,2.85,1,3,5,2948,282.8,63,2948
382440,44457,257541,2.89,6,3,5,2948,67.9,63,2948
257541,190319,257541,2.51,8,0,5,2948,82.9,63,2948
108853,11366,382440,1.53,3,0,5,382440,149.2,63,382440
108853,11366,133,2.54,2,5,5,153561,255.8,63,153561
190319,108853,2120,1.64,4,5,5,257541,37.8,63,2948
2120,133,153561,1.2,1,4,5,382440,285.3,63,382440
153561,2948,2120,2.82,3,5,5,2120,90.7,63,153561
108853,11366,2948,1.41,1,5,5,11366,218.6,63,11366
44457,133,2120,2.76,1,2,5,133,43.5,63,133
133,190319,133,1.99,2,2,5,2948,245.9,63,2948
257541,257541,382440,2.93,1,1,5,257541,265.1,63,108853
153561,190319,2120,1.59,5,0,5,2120,63.9,63,2120
2120,2120,257541,1.26,1,2,5,2948,165.0,63,2948
190319,2120,190319,2.18,1,1,5,153561,127.4,63,153561
44457,2120,190319,0.75,2,0,5,2948,237.1,63,2948
2948,133,2948,2.37,1,5,5,11366,203.8,63,11366
44457,108853,44457,1.42,8,2,5,2948,174.0,63,2948
108853,133,2948,2.45,1,5,5,382440,235.8,63,2948
153561,108853,153561,1.48,6,5,5,257541,35.5,63,257541
257541,2948,2120,1.38,6,1,5,2948,13.2,63,2948
257541,44457,44457,1.42,6,4,5,11366,232.0,63,11366
11366,2120,153561,1.97,3,0,5,44457,256.3,63,190319
153561,108853,257541,2.94,5,2,5,108853,13.5,63,108853
153561,108853,153561,1.92,5,4,5,108853,230.7,63,153561
2948,2948,2120,1.51,4,0,5,11366,84.7,63,11366
382440,153561,44457,0.62,4,2,5,2948,40.9,63,2948
44457,190319,382440,2.39,1,1,5,11366,203.8,63,11366
2948,382440,190319,2.1,4,5,5,2120,260.5,63,2120
257541,44457,153561,2.32,2,2,5,257541,192.4,63,257541
108853,257541,108853,0.73,1,3,5,257541,143.3,63,257541
2120,2948,11366,1.21,1,4,5,153561,171.4,63,11366
108853,11366,133,0.94,1,3,5,2948,287.0,63,2948
382440,108853,44457,1.0,8,3,5,11366,149.0,63,2120
133,44457,11366,2.96,1,4,5,11366,191.9,63,11366
153561,190319,133,2.58,1,1,5,11366,281.6,63,11366
133,2120,133,0.52,1,3,5,257541,99.5,63,257541
153561,2120,382440,1.03,7,2,5,153561,175.9,63,108853
190319,133,2120,2.54,6,5,5,44457,262.9,63,2948
2120,2120,153561,2.53,1,3,5,2948,181.7,63,2948
382440,11366,382440,0.74,7,0,5,2120,216.1,63,2120
257541,44457,382440,1.96,1,5,5,108853,260.5,63,108853
257541,190319,153561,1.7,1,5,5,108853,123.4,63,2948
257541,2120,44457,1.61,1,1,5,153561,298.3,63,153561
44457,190319,108853,1.91,7,3,5,108853,140.5,63,108853
11366,2948,2120,2.15,2,1,5,11366,263.7,63,11366
257541,11366,11366,2.81,5,2,5,2120,239.5,63,2120
11366,2120,2120,0.99,6,0,5,108853,262.6,63,11366
153561,133,133,2.65,1,1,5,382440,23.5,63,382440
11366,190319,108853,0.57,7,2,5,382440,196.4,63,382440
2948,108853,108853,0.81,1,5,5,190319,224.2,63,382440
2948,190319,44457,2.96,2,3,5,108853,164.3,63,108853
2120,44457,11366,2.52,3,0,5,2948,93.2,63,2948
190319,2948,153561,0.8,2,1,5,133,79.8,63,133
153561,133,44457,1.14,2,5,5,11366,295.5,63,257541
11366,257541,190319,2.08,3,5,5,190319,253.6,63,190319
11366,108853,11366,2.11,1,1,5,2948,170.6,63,2948
133,133,2120,2.26,5,5,5,257541,211.2,63,257541
44457,44457,190319,2.23,8,5,5,2948,160.6,63,2948
44457,44457,190319,2.05,7,3,5,153561,37.0,63,2948
2948,133,133,2.6,6,5,5,382440,178.2,63,382440
108853,108853,11366,2.86,1,4,5,11366,297.8,63,11366
257541,190319,108853,2.78,2,2,5,382440,91.2,63,382440
153561,133,153561,0.8,3,4,5,11366,107.4,63,108853
2120,2948,44457,2.67,6,0,5,2948,141.5,63,2948
190319,44457,153561,2.5,1,2,5,2948,275.0,63,2948
153561,153561,44457,1.91,1,0,5,153561,36.7,63,153561
382440,2120,2948,2.56,2,0,5,153561,40.2,63,153561
153561,2948,2948,2.55,1,4,5,153561,296.8,63,11366
108853,11366,2948,0.78,2,1,5,133,180.5,63,133
2120,2120,44457,2.81,7,1,5,2120,47.9,63,11366
153561,257541,382440,0.8,3,4,5,153561,101.6,63,11366
153561,190319,257541,2.94,1,3,5,2948,278.3,63,108853
190319,2948,11366,2.31,4,0,5,133,196.0,63,133
44457,2948,257541,1.38,1,3,5,2948,120.1,63,2948
44457,257541,2120,1.09,3,1,5,190319,254.3,63,2948
190319,2120,153561,1.15,1,4,5,190319,109.8,63,190319
11366,153561,190319,0.7,3,1,5,2948,72.4,63,2948
44457,257541,108853,2.16,1,4,5,108853,30.4,63,108853
108853,2948,382440,2.1,1,2,5,2948,251.2,63,2948
190319,153561,153561,0.77,6,5,5,257541,32.7,63,2948
11366,382440,153561,1.36,1,4,5,11366,208.0,63,11366
257541,382440,382440,2.92,8,5,5,382440,172.7,63,382440
11366,2120,257541,2.11,3,1,5,382440,299.2,63,382440
257541,11366,2948,2.14,8,2,5,257541,241.7,63,382440
2120,2120,190319,1.73,3,1,5,2948,244.4,63,2948
2120,2120,133,0.85,3,1,5,190319,280.9,63,153561
2120,11366,382440,1.01,3,5,5,11366,151.5,63,11366
190319,2948,257541,0.58,3,3,5,2120,222.7,63,257541
108853,133,382440,2.96,3,2,5,108853,39.9,63,108853
44457,108853,2948,0.84,1,5,5,133,245.8,63,133
133,2120,257541,2.42,2,0,5,108853,147.2,63,108853
2120,133,153561,1.5,4,5,5,2120,47.0,63,2120
2120,11366,133,2.81,3,3,5,257541,85.6,63,257541
2120,44457,2948,2.83,1,0,5,382440,59.6,63,382440
44457,108853,2120,2.87,1,3,5,44457,162.5,63,190319
153561,382440,108853,2.45,1,1,5,108853,54.7,63,153561
257541,2120,133,2.35,1,1,5,257541,103.8,63,257541
190319,257541,108853,2.74,1,2,5,2120,176.9,63,257541
190319,133,257541,2.01,1,0,5,257541,268.5,63,257541
108853,382440,11366,1.79,8,5,5,108853,1.6,63,257541
257541,257541,382440,1.72,1,4,5,257541,143.3,63,257541
382440,108853,133,2.36,7,5,5,11366,110.1,63,108853
2120,44457,257541,1.2,8,0,5,11366,159.3,63,257541
382440,44457,153561,2.78,1,2,5,2948,51.6,63,2948
257541,257541,382440,2.39,3,4,5,190319,104.7,63,190319
153561,382440,153561,2.76,4,1,5,382440,216.5,63,382440
153561,2120,133,1.67,6,0,5,190319,96.6,63,190319
153561,190319,2948,1.85,2,4,5,190319,183.3,63,190319
153561,44457,382440,1.67,4,0,5,11366,169.1,63,11366
133,190319,2948,1.97,1,4,5,44457,285.5,63,190319
44457,11366,153561,1.49,7,0,5,257541,48.0,63,257541
44457,11366,2120,0.64,1,4,5,11366,106.9,63,11366
108853,382440,2120,1.53,4,1,5,11366,257.3,63,11366
44457,2120,2948,2.66,8,5,5,2948,175.0,63,382440
44457,190319,108853,2.89,1,4,5,11366,79.0,63,382440
44457,382440,108853,2.62,2,0,5,44457,22.1,63,2948
257541,2948,382440,2.92,6,4,5,190319,37.9,63,190319
382440,108853,257541,1.2,1,4,5,257541,273.9,63,257541
133,11366,2948,1.09,1,0,5,153561,111.7,63,153561
133,133,382440,2.38,3,0,5,2948,22.3,63,2948
382440,257541,382440,1.47,2,0,5,257541,0.6,63,257541
44457,190319,2948,1.52,2,0,5,2120,129.0,63,11366
11366,133,44457,0.96,2,5,5,257541,142.0,63,257541
2948,44457,382440,1.61,4,4,5,2120,150.6,63,2120
153561,190319,2948,2.01,2,4,5,2948,30.2,63,2948
257541,11366,2948,0.92,1,4,5,2948,150.6,63,2948
11366,133,382440,2.88,1,1,5,108853,114.5,63,108853
153561,133,2120,1.21,1,3,5,257541,179.4,63,11366
190319,153561,2948,1.54,3,2,5,133,255.3,63,133
2120,257541,44457,2.78,2,3,5,11366,15.0,63,11366
2120,44457,133,2.64,1,3,5,133,289.3,63,133
190319,2120,257541,2.25,2,0,5,190319,92.5,63,257541
2120,11366,382440,2.79,1,2,5,11366,179.3,63,11366
2948,382440,2120,1.75,3,2,5,2948,22.1,63,2948
133,108853,11366,0.73,5,2,5,2120,10.3,63,190319
257541,133,2120,1.17,1,3,5,382440,266.2,63,382440
108853,382440,190319,2.49,2,3,5,44457,168.2,63,153561
257541,133,133,1.65,2,0,5,108853,293.4,63,108853
133,2120,133,1.84,1,5,5,153561,172.6,63,153561
257541,382440,382440,2.87,7,3,5,2120,170.7,63,2120
190319,257541,108853,1.17,7,0,5,382440,247.3,63,382440
44457,2948,44457,1.81,1,2,5,11366,102.4,63,11366
2948,11366,2120,1.72,1,3,5,153561,85.5,63,153561
382440,11366,190319,2.94,4,5,5,2948,192.8,63,2120
44457,44457,190319,0.63,1,3,5,2948,65.7,63,2948
257541,11366,190319,2.92,3,3,5,382440,43.0,63,382440
133,2120,257541,2.76,3,0,5,11366,218.3,63,11366
2120,257541,153561,1.19,1,1,5,44457,245.9,63,2948
11366,2120,44457,0.83,3,5,5,2120,50.9,63,11366
44457,2120,153561,2.98,2,4,5,108853,217.3,63,108853
190319,2948,2120,1.64,1,3,5,133,33.6,63,133
382440,153561,257541,1.46,4,4,5,153561,253.3,63,153561
257541,44457,11366,1.21,2,1,5,153561,151.4,63,2948
153561,190319,2948,0.96,2,1,5,257541,200.1,63,257541
257541,11366,153561,1.47,3,4,5,11366,85.3,63,11366
382440,382440,2120,1.42,3,4,5,257541,154.6,63,257541
190319,11366,133,1.0,1,1,5,153561,66.5,63,153561
190319,257541,257541,0.65,8,1,5,2948,7.2,63,257541
382440,190319,257541,1.3,2,2,5,11366,226.5,63,11366
133,382440,2948,1.03,3,3,5,133,31.9,63,133
153561,11366,153561,2.28,3,4,5,153561,87.0,63,153561
108853,382440,44457,2.2,6,0,5,11366,125.9,63,11366
2948,108853,382440,1.48,6,0,5,2120,85.7,63,2120
153561,382440,382440,0.6,4,4,5,153561,262.8,63,153561
2120,257541,44457,2.52,1,5,5,11366,218.1,63,11366
108853,108853,133,1.32,3,0,5,382440,131.7,63,382440
2120,190319,44457,1.99,1,2,5,11366,199.2,63,11366
44457,257541,108853,1.47,3,2,5,11366,263.4,63,11366
44457,257541,190319,1.19,1,5,5,2948,252.8,63,108853
44457,133,44457,2.65,1,0,5,133,128.1,63,133
108853,153561,108853,0.75,2,1,5,11366,253.3,63,11366
108853,133,2948,0.67,1,4,5,153561,76.0,63,153561
11366,44457,153561,1.86,6,2,5,382440,139.3,63,382440
108853,190319,2948,1.07,1,4,5,2948,274.5,63,257541
190319,133,153561,2.74,3,3,5,108853,213.2,63,108853
190319,382440,257541,0.62,1,0,5,133,184.7,63,133
257541,108853,133,1.68,1,2,5,382440,44.8,63,11366
108853,11366,382440,2.72,2,1,5,133,125.9,63,190319
190319,44457,133,2.7,1,1,5,2948,85.5,63,2948
44457,382440,382440,2.21,3,2,5,257541,21.7,63,11366
44457,382440,11366,1.92,5,0,5,108853,230.5,63,108853
382440,2120,257541,0.76,2,3,5,257541,186.4,63,257541
153561,190319,382440,2.36,4,1,5,2120,57.3,63,2120
108853,133,382440,1.91,1,3,5,108853,30.8,63,108853
133,153561,153561,0.71,3,5,5,2948,86.4,63,2948
2120,190319,382440,2.6,8,0,5,108853,263.1,63,2120
2948,2120,2948,2.93,3,5,5,133,213.6,63,133
108853,2948,190319,2.87,2,2,5,44457,90.8,63,382440
133,382440,2948,2.66,2,3,5,257541,262.5,63,2948
133,382440,257541,1.18,6,3,5,257541,271.9,63,257541
382440,133,108853,1.9,1,4,5,11366,97.6,63,2948
133,153561,382440,2.17,1,2,5,257541,220.1,63,257541
153561,2948,382440,2.12,3,5,5,108853,107.0,63,108853
153561,190319,2120,1.62,4,4,5,2120,54.6,63,2120
190319,2948,44457,1.43,1,2,5,133,140.0,63,133
257541,2120,190319,2.27,2,1,5,153561,15.5,63,153561
190319,108853,153561,1.99,2,2,5,2948,164.5,63,2948
108853,153561,133,2.16,4,4,5,2948,165.0,63,2948
133,153561,2948,1.21,4,1,5,108853,230.3,63,108853
2120,44457,257541,2.99,3,1,5,108853,23.7,63,108853
108853,44457,153561,1.75,1,1,5,133,142.4,63,257541
257541,190319,44457,2.15,1,2,5,11366,54.8,63,11366
382440,44457,108853,2.55,8,1,5,2120,185.7,63,2120
11366,133,257541,2.33,1,3,5,133,288.1,63,133
257541,382440,2120,2.55,8,4,5,153561,235.1,63,153561
382440,108853,44457,2.43,5,5,5,257541,201.4,63,257541
2120,190319,44457,2.0,3,2,5,2948,135.5,63,2948
44457,11366,133,0.87,1,3,5,257541,242.7,63,133
2120,382440,2948,2.25,1,4,5,11366,173.7,63,11366
44457,2948,257541,1.27,1,3,5,257541,223.2,63,257541
257541,11366,44457,0.72,1,2,5,108853,73.5,63,108853
11366,190319,11366,0.93,3,3,5,11366,94.2,63,11366
2120,2948,2948,1.62,1,0,5,133,92.0,63,133
11366,190319,382440,1.53,3,4,5,11366,295.3,63,11366
108853,108853,2948,2.07,5,0,5,153561,89.9,63,2948
190319,257541,108853,2.52,1,0,5,108853,182.4,63,108853
133,382440,257541,0.72,5,0,5,382440,164.4,63,11366
153561,2120,108853,2.28,2,5,5,190319,51.6,63,11366
108853,2948,44457,0.89,1,3,5,153561,19.3,63,382440
108853,2948,2120,2.15,1,0,5,382440,287.1,63,382440
382440,108853,382440,0.57,1,4,5,2948,131.4,63,2948
133,382440,11366,2.17,3,1,5,11366,264.7,63,11366
153561,2120,44457,1.42,3,5,5,108853,173.1,63,108853
133,2120,133,0.94,5,2,5,382440,15.0,63,382440
153561,133,44457,2.63,2,2,5,133,101.3,63,190319
2120,2120,2948,1.44,4,2,5,2948,260.0,63,2948
2120,2120,382440,2.85,8,2,5,133,37.6,63,133
2120,108853,108853,2.25,1,4,5,190319,203.6,63,190319
153561,11366,190319,0.94,1,3,5,190319,23.4,63,190319
133,153561,11366,1.91,2,4,5,190319,87.4,63,190319
257541,2120,44457,1.99,3,2,5,257541,28.2,63,257541
108853,108853,133,1.6,8,0,5,2120,46.9,63,2120
153561,382440,2948,2.54,7,5,5,257541,160.0,63,257541
11366,2948,133,1.08,1,1,5,257541,219.4,63,108853
2948,2120,11366,1.44,6,1,5,382440,35.8,63,11366
11366,44457,133,1.95,1,4,5,257541,252.5,63,153561
108853,190319,2120,1.92,1,4,5,382440,268.7,63,382440
2948,133,153561,3.0,7,0,5,2120,54.1,63,2120
190319,2120,108853,2.69,2,0,5,2948,10.8,63,382440
382440,108853,44457,0.91,8,5,5,153561,107.9,63,153561
108853,153561,257541,2.22,3,5,5,108853,248.4,63,108853
2948,108853,11366,2.96,1,3,5,11366,155.4,63,257541
11366,153561,11366,2.39,1,1,5,382440,77.4,63,382440
2948,11366,190319,2.95,1,2,5,2120,287.8,63,190319
382440,382440,11366,0.71,1,5,5,11366,47.8,63,11366
190319,153561,190319,1.43,2,1,5,153561,30.5,63,153561
190319,133,153561,2.66,2,3,5,382440,238.5,63,382440
108853,44457,11366,1.03,1,3,5,257541,146.2,63,2948
11366,11366,11366,1.22,2,1,5,2948,1.8,63,2948
190319,190319,190319,1.34,3,2,5,2948,95.6,63,2948
2120,2120,11366,2.57,2,4,5,133,284.5,63,133
44457,190319,2120,2.92,4,4,5,153561,1.3,63,153561
2948,190319,44457,0.72,7,2,5,108853,31.3,63,108853
2948,2120,153561,1.81,5,3,5,2120,293.9,63,2120
2120,257541,190319,0.93,2,1,5,153561,191.3,63,382440
153561,108853,44457,2.43,1,0,5,44457,66.3,63,382440
190319,257541,382440,1.59,6,1,5,2948,298.8,63,11366
108853,382440,44457,2.44,2,1,5,11366,6.6,63,11366
153561,44457,2948,0.57,2,0,5,2948,11.6,63,2948
382440,382440,153561,2.13,1,3,5,44457,227.8,63,11366
2948,382440,11366,1.67,5,2,5,2120,189.6,63,2948
153561,11366,108853,1.48,4,3,5,11366,96.1,63,11366
108853,108853,2948,2.23,7,3,5,11366,165.6,63,11366
133,108853,190319,1.53,1,2,5,382440,185.4,63,2948
2948,190319,11366,2.58,3,0,5,11366,53.0,63,11366
257541,153561,190319,1.61,1,4,5,11366,76.0,63,11366
2120,44457,108853,1.73,2,1,5,11366,114.6,63,11366
2948,108853,190319,1.9,4,3,5,2120,234.5,63,2120
2120,44457,2120,2.69,1,2,5,2948,142.6,63,2948
2120,11366,44457,2.71,1,5,5,108853,263.2,63,108853
133,11366,190319,2.65,1,4,5,153561,184.4,63,153561
108853,382440,44457,1.95,1,2,5,190319,70.4,63,190319
11366,11366,2120,2.1,1,0,5,11366,59.2,63,11366
153561,133,2120,1.34,1,0,5,11366,226.3,63,11366
257541,257541,133,1.52,1,4,5,2948,225.1,63,2948
257541,257541,108853,0.59,4,5,5,2948,41.6,63,2948
382440,133,153561,2.96,7,1,5,2120,183.8,63,11366
108853,257541,44457,2.09,2,4,5,2948,140.5,63,2948
11366,11366,2948,1.13,7,3,5,2948,189.4,63,2948
257541,153561,2948,1.55,1,3,5,382440,258.8,63,382440
153561,257541,190319,1.9,1,1,5,11366,248.7,63,11366
108853,133,153561,2.58,1,2,5,382440,295.3,63,108853
190319,153561,190319,2.68,8,3,5,11366,75.5,63,11366
133,44457,257541,2.38,1,3,5,190319,279.2,63,133
11366,2120,382440,1.51,1,2,5,11366,143.2,63,190319
133,2948,2120,2.94,1,3,5,382440,222.4,63,382440
44457,2120,153561,1.91,1,1,5,257541,51.5,63,257541
382440,2948,11366,1.49,4,2,5,11366,135.8,63,382440
190319,153561,257541,0.65,7,2,5,133,100.1,63,133
133,11366,11366,1.63,1,1,5,11366,99.1,63,11366
133,2948,257541,1.76,1,4,5,153561,143.9,63,153561
44457,133,190319,2.88,8,1,5,257541,266.0,63,257541
133,257541,2948,2.54,5,5,5,2120,177.4,63,2120
108853,2948,108853,1.62,1,3,5,190319,137.6,63,190319
108853,190319,44457,2.56,1,0,5,190319,135.6,63,190319
2948,44457,108853,1.2,4,3,5,382440,88.2,63,382440
108853,2120,44457,1.24,5,5,5,153561,278.3,63,153561
11366,108853,153561,1.28,3,3,5,190319,94.3,63,190319
382440,44457,133,1.11,1,1,5,2948,268.0,63,2948
153561,11366,133,1.07,1,2,5,190319,42.3,63,190319
133,108853,382440,0.69,1,1,5,382440,239.9,63,382440
133,108853,108853,2.72,1,4,5,153561,5.1,63,153561
257541,44457,153561,2.76,1,3,5,382440,295.2,63,382440
2948,2120,190319,1.92,1,1,5,382440,214.3,63,382440
382440,133,190319,2.12,2,2,5,2948,209.0,63,11366
2120,108853,2120,1.63,1,0,5,257541,71.3,63,133
153561,382440,153561,2.89,1,4,5,190319,275.3,63,11366
11366,2120,44457,1.74,4,4,5,153561,254.3,63,11366
2120,44457,2120,2.24,1,3,5,2948,176.9,63,2948
2120,44457,190319,1.72,1,3,5,257541,79.5,63,11366
108853,2120,133,0.65,1,2,5,11366,287.7,63,11366
382440,2948,382440,2.12,5,0,5,2948,169.4,63,2948
2948,44457,190319,1.39,5,5,5,153561,202.5,63,153561
133,257541,2948,1.73,8,4,5,2948,197.8,63,2948
153561,190319,133,2.78,6,4,5,257541,227.4,63,257541
382440,133,190319,0.97,1,0,5,2948,158.6,63,2948
153561,2948,133,2.17,4,4,5,153561,202.7,63,153561
257541,44457,133,1.07,2,2,5,133,166.9,63,133
257541,2948,133,1.61,2,3,5,2948,114.8,63,2948
190319,257541,382440,2.98,2,0,5,190319,39.4,63,190319
11366,2948,257541,2.31,3,5,5,2120,266.6,63,2948
11366,190319,2120,1.02,1,2,5,382440,225.9,63,382440
44457,2948,2120,1.54,3,3,5,11366,210.2,63,11366
2120,382440,11366,2.46,1,2,5,257541,169.2,63,257541
44457,2948,133,1.93,3,1,5,2948,2.4,63,2948
190319,153561,108853,1.94,3,1,5,2948,157.8,63,2948
2948,382440,153561,2.57,5,1,5,11366,22.2,63,11366
11366,108853,44457,1.09,1,1,5,133,252.0,63,190319
382440,11366,190319,2.9,5,2,5,2120,160.2,63,2120
44457,44457,190319,0.66,5,5,5,2948,93.0,63,2948
11366,153561,190319,1.08,1,3,5,108853,138.7,63,108853
133,153561,190319,0.71,1,4,5,133,197.0,63,133
2948,382440,153561,2.3,3,4,5,108853,54.0,63,108853
2120,190319,2120,1.37,7,3,5,190319,139.6,63,190319
133,2120,108853,1.4,3,5,5,257541,27.7,63,257541
2948,2948,44457,2.08,2,5,5,11366,126.7,63,11366
11366,108853,133,2.45,6,2,5,11366,169.6,63,11366
2120,11366,257541,0.93,3,3,5,133,82.7,63,133
44457,2120,382440,2.1,1,3,5,382440,177.8,63,382440
11366,2120,382440,2.33,3,3,5,2948,29.5,63,2948
382440,190319,190319,2.65,1,3,5,190319,218.9,63,190319
108853,190319,2948,1.96,2,1,5,108853,152.4,63,153561
133,44457,257541,1.82,1,4,5,190319,108.6,63,108853
11366,44457,190319,2.55,1,4,5,2948,235.5,63,2948
108853,2120,257541,1.02,2,4,5,2948,173.3,63,11366
11366,382440,190319,1.53,7,4,5,190319,297.2,63,190319
382440,257541,133,2.95,4,2,5,2120,143.7,63,2120
11366,382440,2948,2.19,1,4,5,2948,261.2,63,2948
11366,108853,257541,1.67,1,2,5,153561,209.5,63,153561
153561,2948,382440,1.47,3,4,5,2948,156.0,63,382440
2948,382440,257541,2.73,3,1,5,257541,140.1,63,257541
2948,133,153561,2.37,6,0,5,11366,197.5,63,11366
257541,153561,2120,0.65,1,2,5,2948,242.1,63,2948
108853,190319,382440,0.99,2,4,5,153561,157.2,63,153561
2948,2948,257541,2.94,1,4,5,2120,7.0,63,133
2120,190319,44457,0.8,4,5,5,11366,25.1,63,11366
382440,382440,2948,2.8,2,4,5,2948,231.4,63,2948
108853,257541,108853,0.63,2,2,5,133,205.7,63,133
2120,153561,382440,2.74,1,5,5,11366,183.5,63,11366
382440,133,257541,2.47,1,3,5,153561,234.5,63,153561
2120,108853,11366,1.76,1,2,5,2948,47.1,63,2948
153561,190319,2120,2.94,1,2,5,2948,72.7,63,11366
2120,11366,133,2.72,3,2,5,11366,287.4,63,382440
382440,257541,257541,2.59,1,0,5,11366,23.5,63,11366
11366,190319,11366,1.68,7,1,5,133,107.6,63,133
190319,190319,133,1.15,2,5,5,2948,212.2,63,2948
190319,44457,2120,2.02,1,4,5,133,206.6,63,133
190319,2948,382440,0.88,3,1,5,382440,264.5,63,257541
133,190319,2120,0.77,3,2,5,44457,157.4,63,2948
190319,153561,11366,0.87,1,4,5,257541,87.5,63,257541
382440,190319,257541,2.77,8,5,5,153561,256.9,63,153561
257541,11366,133,2.85,7,3,5,257541,144.0,63,257541
190319,44457,133,2.22,3,1,5,2948,136.7,63,2948
2948,11366,190319,0.52,1,4,5,257541,39.1,63,11366
11366,108853,190319,2.51,3,3,5,108853,64.4,63,108853
382440,108853,153561,1.75,6,3,5,2948,248.2,63,2948
190319,153561,382440,2.25,2,2,5,11366,296.4,63,11366
44457,2120,11366,2.43,8,1,5,108853,244.4,63,108853
108853,11366,190319,1.49,1,4,5,11366,14.2,63,11366
11366,108853,44457,1.76,2,1,5,11366,226.0,63,11366
2948,153561,257541,2.39,4,3,5,11366,244.7,63,2948
133,257541,2948,2.41,3,3,5,44457,223.6,63,257541
2120,2120,190319,2.06,1,3,5,133,67.4,63,133
133,108853,133,2.98,6,0,5,11366,130.9,63,11366
153561,382440,44457,0.58,4,4,5,190319,253.5,63,2120
153561,190319,11366,2.71,3,4,5,133,186.4,63,133
2948,44457,133,2.28,3,2,5,11366,78.6,63,2948
108853,382440,153561,1.44,1,1,5,2948,31.6,63,108853
133,153561,2948,2.59,1,5,5,2948,177.6,63,2948
190319,153561,257541,1.12,1,0,5,108853,180.8,63,108853
44457,257541,11366,0.97,3,3,5,153561,207.6,63,153561
133,2120,2120,1.99,6,1,5,382440,121.2,63,382440
257541,108853,257541,2.1,7,2,5,11366,214.9,63,2120
382440,2948,382440,2.05,4,1,5,2120,253.7,63,2120
108853,190319,108853,1.59,5,3,5,190319,203.5,63,2120
108853,133,257541,2.97,3,3,5,133,113.4,63,133
133,2120,133,0.8,5,1,5,2948,118.3,63,2120
382440,190319,133,2.92,6,5,5,190319,106.8,63,257541
44457,2120,44457,2.27,2,4,5,190319,43.4,63,190319
108853,190319,257541,0.78,1,5,5,11366,19.9,63,11366
44457,2948,2948,2.52,8,5,5,190319,216.9,63,2948
257541,44457,257541,2.77,1,4,5,153561,114.1,63,11366
11366,44457,190319,2.82,2,4,5,257541,194.3,63,257541
108853,44457,382440,2.97,8,5,5,11366,131.3,63,11366
257541,108853,2120,0.52,3,2,5,2948,224.5,63,2948
153561,11366,11366,2.67,3,5,5,11366,124.4,63,11366
11366,133,190319,2.85,1,3,5,2948,137.0,63,2948
2120,257541,153561,0.91,1,4,5,133,53.9,63,133
2948,44457,382440,2.05,3,5,5,108853,200.4,63,108853
190319,133,44457,2.47,3,0,5,257541,230.6,63,257541
11366,382440,190319,1.26,3,5,5,153561,115.6,63,153561
44457,153561,2120,1.08,6,1,5,257541,220.5,63,2120
11366,11366,257541,0.86,6,5,5,190319,73.1,63,190319
153561,2120,382440,1.29,1,2,5,153561,176.0,63,153561
2120,257541,44457,0.54,4,5,5,133,201.9,63,133
133,257541,257541,2.98,1,3,5,190319,116.7,63,190319
153561,108853,133,2.24,2,2,5,190319,156.2,63,190319
190319,11366,133,2.24,7,3,5,44457,110.2,63,108853
133,153561,108853,1.28,4,2,5,2120,150.3,63,2120
382440,153561,108853,1.35,3,1,5,44457,200.4,63,190319
2948,2120,2948,0.99,5,1,5,382440,231.5,63,11366
153561,190319,257541,2.96,2,0,5,257541,191.7,63,257541
11366,2120,382440,1.58,1,1,5,190319,88.8,63,2948
11366,2948,108853,2.49,6,3,5,382440,191.6,63,382440
257541,2948,257541,0.94,1,2,5,11366,169.3,63,153561
382440,11366,153561,1.18,1,5,5,257541,287.2,63,153561
11366,190319,190319,2.71,3,1,5,190319,147.4,63,190319
108853,382440,190319,1.25,1,2,5,2948,26.2,63,2948
382440,44457,133,2.59,3,5,5,44457,57.3,63,257541
11366,382440,257541,2.44,2,3,5,108853,143.8,63,108853
2948,2948,190319,2.11,2,3,5,11366,156.8,63,11366
11366,2120,2948,0.66,1,0,5,44457,129.4,63,382440
44457,44457,108853,2.7,7,2,5,382440,157.5,63,153561
2120,190319,11366,1.26,1,0,5,382440,132.8,63,382440
11366,257541,190319,1.24,2,5,5,133,226.1,63,133
257541,382440,382440,1.16,1,1,5,11366,63.7,63,11366
382440,382440,257541,0.63,1,1,5,11366,208.1,63,11366
190319,2948,382440,1.93,3,4,5,108853,86.5,63,108853
2948,153561,2948,0.83,1,3,5,11366,248.2,63,11366
382440,2120,2948,2.79,6,2,5,2120,252.7,63,2120
108853,153561,2120,1.7,1,3,5,153561,254.3,63,153561
2948,44457,44457,1.63,4,4,5,11366,74.5,63,11366
108853,133,108853,2.34,1,4,5,133,187.0,63,2948
190319,382440,44457,0.73,4,4,5,133,243.7,63,133
153561,190319,153561,1.46,5,1,5,133,109.7,63,11366
2948,257541,382440,0.77,1,3,5,11366,82.0,63,11366
153561,44457,133,2.01,1,3,5,153561,123.8,63,153561
108853,11366,11366,2.94,6,3,5,2120,97.2,63,2120
44457,44457,44457,0.52,2,3,5,44457,13.1,63,11366
2120,44457,11366,1.1,2,4,5,2120,290.8,63,133
382440,108853,11366,1.57,3,4,5,153561,144.9,63,108853
257541,190319,190319,1.54,1,5,5,11366,162.6,63,11366
108853,108853,257541,2.87,8,0,5,382440,163.3,63,2120
257541,108853,11366,1.05,1,2,5,382440,242.9,63,257541
382440,2120,11366,1.08,1,4,5,108853,49.8,63,108853
133,190319,108853,1.96,1,4,5,11366,117.9,63,11366
133,2120,11366,1.83,2,4,5,2948,253.9,63,2948
2948,2120,2120,0.98,1,1,5,108853,257.5,63,190319
11366,108853,108853,2.22,3,3,5,108853,289.3,63,108853
2120,44457,2120,0.57,1,2,5,2120,157.9,63,190319
190319,190319,11366,2.53,3,2,5,11366,219.4,63,11366
2948,190319,11366,2.1,8,4,5,11366,52.8,63,11366
2948,133,257541,0.89,1,5,5,2948,28.9,63,2948
2120,2120,2120,2.57,2,2,5,382440,31.6,63,382440
153561,44457,153561,1.48,2,4,5,190319,148.0,63,190319
2948,190319,44457,1.0,6,4,5,108853,194.0,63,108853
11366,44457,2948,2.39,3,2,5,257541,48.7,63,257541
190319,11366,133,2.53,7,2,5,133,194.7,63,133
108853,2120,2948,2.61,2,5,5,2948,152.8,63,2948
190319,2948,382440,2.64,5,2,5,153561,172.1,63,2120
153561,382440,153561,2.22,3,5,5,382440,138.1,63,382440
133,382440,382440,2.18,3,3,5,11366,163.9,63,382440
153561,11366,153561,0.99,5,5,5,382440,233.3,63,382440
2120,257541,190319,1.06,1,3,5,108853,258.0,63,108853
133,190319,11366,1.74,3,1,5,108853,252.5,63,108853
153561,2948,382440,2.59,6,4,5,153561,241.0,63,153561
2120,382440,44457,2.84,4,0,5,133,35.8,63,2120
2948,11366,153561,0.69,8,4,5,2120,230.4,63,2120
11366,153561,2120,0.5,4,3,5,2120,76.6,63,2120
153561,2120,2948,0.59,1,3,5,11366,39.0,63,11366
190319,2120,2120,2.57,8,3,5,257541,259.1,63,257541
382440,190319,190319,1.05,1,1,5,11366,209.8,63,11366
190319,190319,257541,2.53,1,1,5,108853,297.0,63,108853
257541,133,108853,1.58,8,5,5,2120,296.1,63,2120
108853,108853,2120,2.95,1,0,5,2120,22.1,63,11366
382440,382440,257541,0.56,2,3,5,2120,50.4,63,190319
382440,108853,133,2.49,7,2,5,190319,133.5,63,190319
133,190319,153561,1.24,8,5,5,2120,121.6,63,2120
382440,190319,133,2.49,1,3,5,382440,269.9,63,153561
190319,2948,257541,2.5,7,5,5,133,20.0,63,133
153561,44457,108853,1.81,1,4,5,190319,15.5,63,190319
2120,382440,257541,1.53,8,3,5,257541,295.0,63,2120
190319,2120,382440,0.72,4,3,5,2948,89.7,63,2948
2948,2948,2120,2.71,2,2,5,153561,13.7,63,153561
133,190319,382440,1.58,7,1,5,2120,11.6,63,2120
108853,108853,133,1.75,1,5,5,11366,158.9,63,11366
11366,2948,11366,2.91,1,4,5,11366,109.0,63,11366
190319,133,11366,1.76,7,0,5,382440,116.1,63,382440
133,133,2120,1.54,1,0,5,2120,274.0,63,190319
2120,133,2948,1.45,8,0,5,44457,259.6,63,2948
2120,190319,190319,2.42,2,5,5,2120,171.8,63,257541
153561,11366,382440,1.13,1,5,5,2948,71.3,63,153561
11366,382440,133,0.78,3,4,5,2948,158.8,63,382440
108853,2120,153561,0.59,8,3,5,2948,258.3,63,190319
133,2948,108853,1.12,3,5,5,382440,121.0,63,133
153561,153561,2948,2.93,6,3,5,257541,100.8,63,382440
382440,11366,11366,1.13,8,1,5,190319,155.7,63,2120
382440,153561,257541,2.42,1,3,5,108853,77.8,63,108853
190319,382440,257541,2.64,7,5,5,108853,39.6,63,108853
133,2120,190319,1.42,1,5,5,11366,103.9,63,11366
2948,2948,190319,0.98,5,5,5,382440,47.7,63,382440
108853,133,382440,2.85,5,0,5,2948,96.8,63,2948
2948,190319,133,2.75,4,1,5,11366,176.0,63,257541
2120,190319,382440,2.11,1,0,5,11366,116.2,63,11366
153561,108853,133,2.47,1,4,5,2948,186.6,63,2948
11366,108853,153561,0.54,7,3,5,257541,247.0,63,257541
382440,153561,133,2.36,1,5,5,2948,270.2,63,2948
2948,44457,257541,2.31,1,5,5,2120,242.8,63,190319
257541,133,44457,0.71,1,3,5,257541,6.0,63,257541
44457,108853,11366,0.75,6,5,5,153561,199.9,63,133
257541,133,108853,2.63,5,1,5,108853,288.6,63,2948
108853,153561,153561,0.59,2,3,5,2948,295.7,63,2948
2948,2120,2120,0.77,8,5,5,108853,12.1,63,108853
257541,44457,2948,1.76,2,2,5,382440,113.2,63,382440
108853,108853,44457,1.11,1,4,5,11366,258.5,63,11366
11366,190319,257541,2.58,8,1,5,153561,26.8,63,2120
382440,2120,190319,0.76,8,4,5,2120,217.6,63,2120
133,133,153561,1.65,6,5,5,190319,67.4,63,190319
11366,133,44457,0.56,1,5,5,382440,26.2,63,382440
382440,2120,153561,1.87,4,4,5,2948,295.3,63,2948
190319,382440,2120,2.79,1,2,5,257541,270.9,63,257541
153561,2120,382440,0.63,8,3,5,190319,165.8,63,2120
382440,382440,153561,2.36,2,5,5,153561,121.2,63,153561
382440,2120,382440,1.07,1,2,5,257541,230.2,63,257541
2120,190319,257541,0.63,1,3,5,2948,141.1,63,2948
2948,44457,153561,0.71,8,0,5,11366,119.8,63,11366
153561,382440,2948,2.04,1,3,5,2948,146.3,63,2948
2948,2120,190319,1.01,5,4,5,2948,230.0,63,2948
2948,2120,257541,0.78,1,5,5,133,86.8,63,11366
2948,382440,153561,1.35,6,2,5,11366,169.8,63,11366
2948,11366,257541,2.09,4,2,5,2948,102.7,63,2948
153561,44457,190319,2.43,7,4,5,190319,264.8,63,190319
2120,108853,44457,2.81,1,3,5,153561,138.7,63,153561
133,257541,11366,1.13,1,5,5,2948,246.2,63,2948
44457,2948,382440,2.53,1,4,5,133,17.4,63,133
153561,2120,382440,0.51,7,2,5,153561,185.2,63,2120
2120,257541,153561,2.67,3,2,5,108853,140.0,63,108853
2948,44457,44457,1.17,5,3,5,2948,42.8,63,2948
108853,190319,257541,1.59,7,1,5,382440,292.5,63,382440
133,11366,2948,2.45,4,4,5,2948,112.4,63,2948
153561,44457,190319,0.8,4,1,5,257541,245.1,63,257541
2120,11366,257541,2.57,1,5,5,257541,169.8,63,257541
153561,382440,382440,2.2,1,1,5,44457,204.7,63,153561
44457,257541,190319,0.83,1,1,5,108853,30.1,63,108853
153561,257541,153561,2.14,1,2,5,257541,251.7,63,257541
2120,108853,133,1.96,2,1,5,11366,263.3,63,11366
133,190319,2120,2.3,2,4,5,2948,292.6,63,2948
44457,190319,382440,2.85,6,4,5,108853,173.8,63,108853
153561,190319,133,1.42,1,5,5,108853,95.2,63,11366
190319,257541,133,1.4,6,5,5,2120,30.0,63,2120
153561,153561,133,2.13,3,0,5,108853,16.9,63,11366
257541,382440,44457,2.04,4,0,5,2120,183.4,63,2120
11366,44457,382440,1.55,5,1,5,2120,146.6,63,382440
153561,257541,133,1.22,1,1,5,190319,189.7,63,190319
153561,133,382440,2.67,8,4,5,2120,201.2,63,2120
11366,44457,2120,1.59,4,5,5,2948,155.8,63,2948
2120,133,190319,2.87,1,1,5,133,177.2,63,190319
133,190319,257541,2.14,3,5,5,190319,46.3,63,2948
2120,11366,133,1.27,4,5,5,133,90.4,63,2120
2948,382440,2948,2.53,2,4,5,382440,37.0,63,382440
11366,11366,44457,2.68,3,0,5,2120,295.2,63,2948
153561,2948,382440,0.71,6,3,5,133,63.5,63,2120
2948,382440,133,2.54,7,5,5,2948,60.3,63,2948
257541,2120,2120,2.97,1,2,5,2948,284.1,63,2948
2948,2948,153561,1.4,4,0,5,382440,121.8,63,382440
11366,11366,133,2.93,8,0,5,382440,202.4,63,382440
153561,2948,257541,1.41,1,3,5,133,76.4,63,133
190319,153561,153561,2.71,1,2,5,2948,70.6,63,2948
257541,108853,11366,2.93,1,2,5,133,245.3,63,133
2120,153561,108853,2.69,1,3,5,108853,125.4,63,108853
44457,257541,11366,2.24,2,1,5,2948,137.6,63,2948
153561,2120,2948,2.34,1,3,5,2120,180.3,63,382440
2948,382440,2120,1.04,2,0,5,2948,259.3,63,2948
153561,2120,2948,1.69,2,3,5,108853,203.7,63,108853
190319,44457,257541,1.41,1,3,5,153561,244.2,63,153561
2120,108853,257541,1.6,3,5,5,382440,253.0,63,382440
153561,2120,190319,0.66,1,3,5,382440,85.1,63,382440
257541,133,190319,0.83,8,3,5,2948,111.1,63,2948
2120,2948,153561,2.32,1,0,5,108853,101.4,63,108853
257541,133,108853,2.78,2,5,5,133,62.8,63,133
2948,153561,153561,1.69,1,1,5,2948,81.9,63,257541
2120,11366,190319,1.23,1,3,5,257541,96.0,63,257541
44457,44457,190319,2.4,5,5,5,2120,91.5,63,2120
382440,2948,382440,2.89,6,2,5,11366,67.3,63,11366
11366,190319,153561,1.28,2,0,5,2948,209.0,63,2948
2948,257541,2120,2.94,1,1,5,108853,94.0,63,11366
2120,108853,153561,0.98,1,3,5,2948,254.7,63,2948
133,257541,2948,0.84,3,1,5,190319,23.0,63,190319
382440,2948,44457,0.74,4,2,5,11366,270.9,63,11366
2948,257541,133,1.71,1,1,5,382440,227.5,63,382440
2948,153561,133,2.57,1,5,5,108853,206.0,63,108853
382440,44457,382440,1.51,1,1,5,190319,75.5,63,2948
133,153561,2948,2.71,2,4,5,190319,68.3,63,190319
382440,190319,190319,1.43,1,3,5,382440,55.3,63,382440
11366,133,153561,1.08,1,2,5,382440,282.1,63,382440
44457,153561,2948,0.54,2,4,5,2948,0.8,63,2948
133,382440,133,1.94,7,2,5,11366,185.3,63,11366
2120,2948,108853,2.92,1,0,5,108853,218.8,63,153561
257541,133,133,1.26,8,3,5,257541,184.7,63,257541
44457,382440,108853,0.66,3,2,5,2948,131.7,63,2948
382440,190319,257541,0.61,3,0,5,190319,64.9,63,190319
44457,190319,2948,1.63,1,1,5,11366,184.8,63,108853
257541,44457,2120,2.94,1,0,5,382440,70.2,63,153561
108853,133,153561,1.85,8,2,5,2120,241.5,63,108853
153561,153561,108853,2.83,1,1,5,257541,129.4,63,108853
2948,190319,190319,1.59,3,4,5,133,184.8,63,133
2948,133,11366,2.87,1,1,5,190319,236.0,63,11366
2948,2120,382440,0.63,6,1,5,190319,157.6,63,190319
133,257541,2948,2.15,7,3,5,108853,0.6,63,108853
44457,257541,257541,1.52,4,3,5,108853,120.8,63,108853
44457,11366,11366,2.25,1,2,5,108853,139.7,63,108853
190319,108853,133,0.7,6,3,5,190319,197.2,63,190319
108853,2948,257541,0.68,3,1,5,190319,189.1,63,190319
382440,133,2948,1.89,7,5,5,2948,123.4,63,2948
2948,2948,133,2.49,5,0,5,2120,94.2,63,2120
382440,44457,2120,2.99,1,1,5,153561,135.0,63,153561
2948,133,2948,2.75,7,0,5,190319,38.6,63,2120
44457,2120,2120,1.22,8,2,5,11366,130.9,63,11366
153561,108853,2948,0.92,1,0,5,11366,76.3,63,133
44457,108853,2948,2.34,3,2,5,11366,263.1,63,11366
2120,2948,11366,0.82,8,2,5,257541,19.1,63,153561
44457,2948,190319,1.8,2,4,5,11366,299.2,63,11366
44457,153561,44457,2.14,2,3,5,11366,62.4,63,11366
190319,2948,2120,1.65,1,1,5,382440,15.8,63,382440
44457,44457,44457,2.62,2,4,5,2948,4.3,63,2948
133,133,108853,2.91,2,0,5,382440,63.3,63,382440
257541,190319,257541,1.01,1,1,5,382440,190.3,63,382440
190319,44457,190319,2.6,2,3,5,108853,166.9,63,108853
11366,2948,2948,1.34,5,0,5,2948,237.9,63,2948
2120,11366,11366,2.37,3,2,5,382440,53.9,63,382440
190319,44457,2948,1.53,3,0,5,133,198.7,63,11366
190319,133,11366,2.12,4,2,5,2948,148.3,63,2948
108853,257541,2120,1.83,1,1,5,11366,264.4,63,11366
382440,190319,153561,0.87,2,4,5,257541,10.3,63,257541
2948,190319,382440,0.72,4,2,5,2948,114.5,63,2948
190319,382440,2948,0.76,1,4,5,382440,15.9,63,190319
2120,190319,190319,1.92,1,1,5,153561,263.9,63,153561
44457,153561,2120,2.79,3,1,5,108853,157.1,63,108853
153561,2948,2948,2.79,3,5,5,11366,70.0,63,11366
44457,2120,382440,2.09,3,3,5,108853,42.9,63,153561
133,108853,108853,1.1,3,3,5,2948,130.8,63,11366
190319,44457,11366,2.66,1,0,5,11366,244.6,63,11366
190319,108853,382440,2.23,5,1,5,190319,155.9,63,190319
108853,133,382440,1.13,3,0,5,133,272.1,63,133
11366,2948,382440,0.64,2,4,5,2948,87.7,63,2948
257541,2948,153561,1.84,5,1,5,44457,197.1,63,153561
190319,382440,2948,2.45,2,2,5,257541,16.1,63,257541
153561,257541,257541,1.82,7,3,5,2120,31.8,63,2120
44457,2120,44457,2.5,1,0,5,153561,254.0,63,11366
2948,190319,133,1.58,1,2,5,257541,250.2,63,11366
257541,382440,133,2.41,4,2,5,2120,186.6,63,2120
257541,11366,2948,1.02,7,2,5,44457,227.0,63,2948
153561,108853,2948,1.73,6,0,5,153561,7.2,63,2948
11366,382440,153561,2.65,1,0,5,133,284.6,63,133
44457,257541,133,1.96,3,2,5,190319,205.9,63,190319
133,11366,153561,2.69,8,4,5,190319,106.4,63,2120
2948,382440,2120,2.26,4,4,5,382440,83.4,63,153561
2120,108853,133,1.77,1,2,5,190319,175.6,63,11366
2948,108853,153561,2.11,2,4,5,2948,53.1,63,2948
2948,11366,153561,1.56,1,4,5,108853,154.2,63,257541
44457,153561,257541,2.76,2,4,5,108853,245.1,63,257541
2948,133,133,0.51,5,1,5,2120,198.4,63,2120
190319,108853,44457,2.57,4,4,5,2120,22.4,63,2120
2120,190319,153561,0.82,1,3,5,44457,70.4,63,257541
2120,2120,2948,1.14,3,0,5,2948,4.2,63,2948
44457,133,257541,2.52,2,5,5,133,61.1,63,11366
11366,11366,2948,1.39,1,5,5,382440,111.9,63,190319
44457,133,2948,0.83,1,4,5,2948,29.7,63,2948
190319,153561,44457,2.69,7,3,5,190319,121.0,63,190319
153561,11366,153561,1.39,3,3,5,44457,172.4,63,2948
133,11366,153561,0.7,1,1,5,11366,272.2,63,11366
44457,257541,190319,0.87,3,4,5,108853,103.9,63,108853
133,190319,2948,1.51,1,2,5,257541,174.2,63,257541
44457,44457,2948,1.5,2,4,5,153561,259.2,63,153561
2120,2948,108853,2.31,1,2,5,153561,43.4,63,153561
190319,11366,44457,1.35,5,1,5,257541,283.5,63,257541
2948,190319,133,2.35,1,0,5,2948,56.3,63,2948
133,153561,153561,0.96,1,0,5,257541,182.8,63,257541
382440,44457,382440,2.8,1,4,5,190319,31.3,63,190319
133,108853,190319,2.02,2,1,5,382440,195.2,63,382440
11366,133,108853,2.75,3,2,5,108853,190.8,63,108853
190319,153561,108853,1.71,5,0,5,2948,232.9,63,2948
257541,190319,2120,1.52,1,5,5,133,163.4,63,133
108853,2120,257541,2.93,2,4,5,382440,108.1,63,153561
257541,153561,133,1.79,3,5,5,108853,278.4,63,108853
108853,133,382440,1.56,1,2,5,108853,291.9,63,108853
108853,382440,153561,0.95,1,5,5,108853,234.3,63,108853
2948,133,2948,0.8,8,4,5,257541,39.5,63,257541
108853,108853,108853,2.41,2,3,5,108853,68.0,63,108853
2120,108853,257541,1.6,1,5,5,382440,205.9,63,382440
11366,257541,257541,1.32,1,0,5,2948,40.1,63,2948
2120,2120,153561,2.88,2,0,5,108853,233.4,63,11366
382440,108853,133,1.93,1,4,5,190319,134.8,63,190319
2120,11366,108853,2.04,4,2,5,2948,134.9,63,2948
190319,382440,257541,2.29,4,1,5,382440,38.8,63,382440
2120,2948,153561,1.06,1,2,5,153561,134.5,63,153561
44457,190319,108853,0.61,1,2,5,11366,180.6,63,11366
257541,133,153561,2.03,1,3,5,190319,168.5,63,190319
11366,382440,44457,1.93,3,5,5,153561,53.3,63,153561
382440,44457,190319,0.58,4,0,5,11366,196.4,63,11366
190319,2948,190319,1.25,1,5,5,2948,285.9,63,2948
382440,190319,108853,0.98,2,4,5,44457,176.9,63,153561
44457,11366,190319,2.16,6,0,5,133,60.5,63,133
11366,153561,153561,0.54,1,3,5,382440,217.7,63,382440
133,2948,257541,2.26,1,3,5,190319,148.2,63,190319
2948,11366,190319,2.67,2,1,5,2948,290.4,63,382440
133,257541,382440,1.44,2,0,5,190319,96.7,63,190319
44457,382440,11366,2.85,3,5,5,2948,47.8,63,2948
257541,382440,257541,2.44,1,0,5,2120,239.2,63,257541
382440,2948,44457,0.73,5,5,5,382440,163.1,63,382440
190319,382440,133,2.79,2,1,5,257541,92.9,63,257541
108853,190319,11366,1.74,3,4,5,11366,31.1,63,11366
153561,108853,190319,2.46,3,1,5,2948,73.3,63,2948
108853,153561,108853,2.71,4,0,5,11366,106.0,63,11366
133,257541,2120,1.67,2,4,5,190319,53.2,63,190319
108853,2120,11366,2.47,2,0,5,11366,228.8,63,11366
382440,382440,133,1.91,3,4,5,2948,32.4,63,11366
257541,257541,133,2.34,2,0,5,2948,241.0,63,2948
257541,257541,2120,2.61,7,1,5,2120,218.7,63,2120
11366,133,108853,1.69,8,5,5,108853,76.0,63,108853
257541,153561,2120,0.75,2,5,5,190319,198.0,63,190319
2120,153561,133,2.37,5,1,5,190319,2.6,63,257541
153561,44457,153561,2.52,1,1,5,2948,134.0,63,2948
11366,2948,2120,1.38,3,2,5,108853,243.9,63,108853
11366,2948,190319,2.92,2,4,5,2948,48.7,63,2948
11366,133,108853,2.2,2,3,5,11366,285.4,63,11366
11366,257541,382440,2.54,1,5,5,11366,209.4,63,11366
11366,133,257541,1.25,1,3,5,153561,198.3,63,153561
108853,382440,2120,0.81,3,1,5,2948,216.9,63,2948
133,108853,257541,2.24,2,0,5,382440,147.0,63,382440
11366,153561,44457,1.67,4,2,5,108853,69.7,63,108853
11366,190319,382440,1.11,7,5,5,11366,109.5,63,11366
2948,190319,44457,1.06,4,5,5,382440,32.8,63,382440
2948,257541,2948,0.75,6,2,5,2120,211.8,63,2120
257541,133,11366,2.79,2,4,5,2948,248.2,63,2948
2120,153561,44457,2.02,4,2,5,382440,210.3,63,108853
11366,382440,190319,1.15,5,5,5,2948,217.8,63,2948
190319,108853,11366,2.31,1,1,5,2948,236.6,63,2948
44457,133,133,1.73,1,5,5,133,111.8,63,11366
257541,2948,133,2.76,4,3,5,2948,61.2,63,2948
11366,44457,108853,2.32,2,2,5,11366,280.5,63,11366
153561,133,11366,1.16,3,0,5,190319,109.6,63,190319
44457,257541,2120,2.11,5,0,5,190319,267.6,63,190319
190319,257541,108853,2.28,2,4,5,2120,19.9,63,257541
2120,108853,382440,2.58,7,1,5,190319,31.1,63,190319
2120,190319,153561,0.89,2,4,5,11366,107.2,63,11366
190319,190319,2948,2.44,3,5,5,190319,26.9,63,133
11366,382440,11366,1.3,3,5,5,190319,252.7,63,190319
190319,190319,257541,2.23,4,3,5,133,206.8,63,2120
153561,44457,382440,0.86,8,0,5,133,201.4,63,133
133,382440,133,0.6,2,5,5,2948,32.2,63,2948
190319,153561,257541,1.6,3,2,5,382440,134.8,63,382440
153561,11366,382440,1.82,4,2,5,2948,234.9,63,2948
108853,108853,2948,2.08,1,4,5,2948,26.0,63,2948
108853,382440,382440,1.48,2,3,5,190319,218.9,63,133
153561,257541,133,1.45,4,5,5,190319,169.9,63,108853
190319,108853,44457,2.57,3,4,5,11366,132.0,63,11366
11366,190319,2120,2.63,8,3,5,190319,218.5,63,190319
257541,2120,257541,2.1,3,2,5,153561,169.6,63,153561
257541,153561,190319,2.06,8,1,5,108853,260.6,63,108853
44457,133,11366,0.63,2,3,5,2948,71.5,63,2948
153561,153561,133,0.66,2,0,5,11366,126.9,63,190319
257541,257541,257541,2.84,3,1,5,153561,181.0,63,153561
190319,2120,2120,1.71,1,1,5,153561,242.5,63,153561
2948,2948,382440,0.55,1,0,5,11366,32.1,63,11366
153561,153561,11366,1.24,1,4,5,153561,144.4,63,153561
2120,133,108853,1.06,7,5,5,133,220.9,63,2120
153561,190319,2948,2.1,7,3,5,2120,74.3,63,2120
133,2948,2120,2.63,3,1,5,11366,79.8,63,11366
382440,108853,2120,2.81,1,5,5,133,200.0,63,133
108853,133,190319,2.46,5,1,5,108853,121.7,63,2120
2120,2120,190319,2.74,3,1,5,11366,244.4,63,11366
108853,133,257541,1.65,7,2,5,382440,283.8,63,382440
2948,190319,257541,1.01,2,0,5,190319,289.1,63,190319
133,108853,2948,2.85,3,3,5,11366,150.1,63,11366
153561,11366,153561,1.66,1,2,5,153561,82.8,63,11366
382440,382440,190319,1.1,2,0,5,11366,102.3,63,133
257541,190319,2120,1.16,5,0,5,133,156.7,63,2948
190319,153561,2948,2.4,8,4,5,2120,119.9,63,2120
2948,153561,257541,0.8,1,2,5,2948,54.4,63,257541
2120,382440,2120,1.64,1,3,5,153561,172.2,63,190319
2948,133,108853,1.07,6,4,5,2120,185.2,63,2120
44457,11366,190319,1.66,1,3,5,11366,258.1,63,11366
153561,153561,11366,1.38,1,5,5,2948,239.0,63,2948
257541,108853,44457,1.34,4,2,5,257541,32.4,63,108853
2948,2948,44457,0.99,2,0,5,2948,66.2,63,2948
382440,44457,2120,1.19,2,1,5,153561,231.4,63,153561
108853,2120,382440,2.8,6,2,5,2120,221.8,63,2120
108853,11366,133,0.59,3,4,5,133,276.3,63,133
11366,382440,153561,1.83,3,2,5,153561,215.0,63,2948
108853,257541,153561,2.03,3,0,5,257541,122.7,63,257541
153561,190319,2120,1.29,1,1,5,108853,247.9,63,108853
257541,190319,190319,1.44,5,5,5,2120,176.1,63,2120
382440,2120,44457,2.09,2,0,5,382440,161.1,63,382440
153561,257541,108853,2.34,1,0,5,133,160.2,63,382440
190319,257541,44457,2.5,3,5,5,108853,162.4,63,108853
133,382440,108853,2.96,6,1,5,2120,48.3,63,2120
2948,153561,190319,1.71,4,5,5,2948,286.6,63,2948
2120,190319,108853,1.38,2,1,5,153561,161.2,63,153561
133,153561,44457,2.72,3,1,5,11366,74.4,63,11366
2948,108853,257541,0.83,5,5,5,2120,19.3,63,2120
11366,153561,2120,1.09,3,3,5,382440,189.8,63,2948
257541,153561,11366,2.05,1,1,5,133,197.2,63,133
190319,11366,153561,1.93,2,2,5,108853,1.7,63,2948
382440,108853,382440,2.39,3,3,5,257541,239.9,63,257541
108853,11366,153561,1.5,4,4,5,2120,225.0,63,2120
2948,108853,2948,1.3,3,1,5,2948,174.3,63,2948
108853,382440,11366,1.81,4,5,5,257541,16.7,63,257541
108853,153561,133,1.26,1,2,5,382440,17.7,63,382440
44457,382440,2948,1.99,3,5,5,108853,264.0,63,2948
2948,133,133,1.0,3,5,5,2120,268.6,63,257541
382440,2120,108853,0.73,1,5,5,190319,291.7,63,190319
108853,133,2120,2.66,1,1,5,382440,257.6,63,382440
133,190319,190319,0.64,3,0,5,2948,298.1,63,2948
108853,11366,257541,1.26,1,4,5,153561,73.1,63,153561
257541,153561,153561,2.02,2,4,5,11366,3.0,63,2948
44457,11366,2948,1.26,2,3,5,257541,229.2,63,108853
2948,44457,44457,2.49,1,4,5,108853,81.6,63,108853
190319,382440,190319,2.01,7,5,5,190319,1.7,63,190319
2948,257541,2120,2.22,3,4,5,190319,210.1,63,190319
108853,2120,2120,1.91,1,0,5,257541,59.8,63,257541
11366,382440,2948,1.86,3,1,5,11366,148.2,63,11366
2120,257541,133,2.87,3,0,5,382440,5.3,63,2948
108853,153561,44457,0.86,2,5,5,382440,128.4,63,382440
2120,153561,2120,1.32,1,0,5,382440,131.4,63,382440
44457,2948,11366,2.64,1,2,5,133,268.6,63,133
108853,2948,44457,0.65,1,1,5,190319,252.6,63,190319
11366,153561,108853,1.23,3,5,5,108853,154.8,63,190319
133,108853,2948,0.7,6,3,5,108853,261.7,63,108853
382440,11366,2120,1.83,6,3,5,2120,10.5,63,2120
190319,11366,2120,1.72,2,0,5,11366,159.5,63,11366
2948,44457,44457,0.58,2,4,5,257541,227.4,63,133
133,44457,382440,2.96,3,1,5,11366,296.2,63,11366
108853,133,44457,1.32,5,2,5,2120,250.2,63,2120
153561,2120,2120,0.99,2,4,5,2120,31.0,63,2948
11366,190319,2948,1.04,1,5,5,2120,199.8,63,190319
2120,190319,11366,1.81,1,5,5,190319,226.2,63,257541
153561,108853,2120,2.84,3,3,5,190319,114.8,63,190319
382440,133,382440,1.32,8,2,5,2120,180.5,63,2120
153561,2948,108853,1.52,2,0,5,133,180.5,63,133
190319,153561,153561,0.95,3,5,5,133,273.8,63,133
153561,153561,11366,2.35,2,1,5,2948,67.1,63,2948
11366,108853,190319,1.96,3,2,5,11366,114.0,63,190319
44457,2120,2948,1.64,8,2,5,2120,34.5,63,2120
44457,11366,2120,1.35,6,0,5,108853,133.5,63,2120
257541,2948,2120,2.83,5,5,5,382440,213.2,63,382440
382440,190319,257541,2.29,4,5,5,133,35.4,63,257541
108853,11366,108853,2.03,3,0,5,11366,20.9,63,11366
190319,382440,133,0.75,3,5,5,2948,156.6,63,133
11366,2120,133,0.51,4,5,5,257541,141.8,63,257541
44457,190319,108853,1.9,1,2,5,2948,155.5,63,2948
382440,257541,11366,0.66,3,2,5,11366,85.3,63,11366
190319,11366,257541,0.53,8,5,5,2120,149.7,63,2120
108853,257541,190319,0.8,8,3,5,44457,135.3,63,2948
382440,382440,2120,2.08,1,3,5,11366,96.7,63,11366
133,153561,382440,0.57,5,2,5,2948,73.5,63,2948
108853,133,2948,2.28,6,2,5,257541,295.0,63,257541
133,382440,2948,2.84,3,5,5,190319,264.3,63,190319
382440,44457,44457,1.6,1,0,5,133,67.5,63,133
2948,108853,382440,2.02,1,2,5,257541,168.9,63,257541
153561,153561,382440,1.77,5,5,5,11366,8.4,63,11366
44457,11366,190319,1.58,3,0,5,133,47.9,63,2948
382440,257541,108853,0.51,3,0,5,108853,276.4,63,108853
382440,11366,2948,0.82,8,5,5,190319,34.4,63,2120
133,108853,133,0.85,2,0,5,2948,248.7,63,2948
2948,382440,190319,2.29,1,4,5,2948,40.1,63,2948
44457,190319,44457,0.99,6,1,5,11366,117.4,63,11366
153561,133,2948,0.91,1,2,5,11366,180.1,63,11366
11366,11366,44457,2.86,1,4,5,190319,250.6,63,190319
382440,382440,190319,2.33,1,3,5,133,175.1,63,133
382440,153561,257541,1.05,3,4,5,153561,137.9,63,153561
2120,108853,108853,2.6,1,2,5,257541,248.9,63,108853
2120,11366,133,2.37,2,3,5,257541,186.2,63,257541
2120,133,44457,1.87,5,3,5,257541,117.5,63,257541
153561,133,190319,1.03,1,5,5,190319,235.3,63,190319
108853,382440,2948,0.53,2,4,5,2948,112.5,63,2948
133,133,257541,1.51,3,1,5,2948,254.5,63,2948
44457,11366,257541,2.47,2,2,5,11366,125.3,63,2948
2120,133,133,0.97,2,2,5,2120,13.7,63,190319
11366,382440,2948,0.64,2,4,5,382440,235.6,63,382440
2948,153561,190319,1.76,1,3,5,382440,79.7,63,382440
190319,257541,44457,0.64,1,5,5,382440,211.6,63,382440
190319,257541,108853,2.28,2,5,5,11366,47.5,63,11366
382440,2120,108853,2.66,2,2,5,11366,155.1,63,11366
44457,108853,190319,0.82,1,0,5,11366,174.2,63,11366
153561,108853,190319,2.64,6,4,5,2120,102.1,63,2120
2120,2948,44457,1.23,1,5,5,108853,68.3,63,108853
153561,2120,257541,1.57,7,2,5,190319,297.3,63,190319
108853,2948,108853,2.76,2,5,5,11366,205.0,63,11366
11366,153561,2948,0.71,5,1,5,11366,292.5,63,2948
108853,108853,108853,1.6,1,1,5,153561,35.8,63,153561
2120,11366,190319,2.89,1,2,5,11366,48.9,63,11366
44457,133,190319,0.95,6,4,5,382440,250.5,63,382440
44457,2120,133,0.98,8,0,5,133,60.8,63,153561
108853,2120,108853,2.66,2,2,5,133,79.8,63,133
153561,11366,2948,2.33,3,2,5,2948,38.6,63,2948
108853,190319,257541,2.29,7,1,5,257541,273.1,63,257541
382440,2948,257541,2.64,1,5,5,2948,285.0,63,2948
190319,2948,133,0.68,8,2,5,2120,5.0,63,2120
382440,11366,44457,1.25,3,2,5,190319,104.1,63,190319
2120,153561,190319,2.41,3,0,5,133,247.9,63,133
108853,2948,257541,2.45,8,0,5,190319,20.9,63,2120
257541,133,108853,0.58,2,4,5,133,84.9,63,2948
11366,108853,190319,1.89,8,1,5,190319,285.2,63,190319
2948,44457,153561,1.64,1,0,5,190319,210.2,63,190319
257541,2120,44457,0.87,2,1,5,382440,213.6,63,133
382440,2948,11366,0.97,3,3,5,2948,145.3,63,2948
2948,44457,2120,1.22,3,1,5,44457,294.0,63,257541
382440,108853,108853,1.43,2,3,5,257541,233.6,63,108853
257541,190319,153561,2.29,3,3,5,133,287.2,63,133
11366,382440,2948,2.58,4,0,5,133,286.5,63,257541
11366,108853,133,0.97,2,3,5,2948,92.5,63,2948
44457,108853,153561,2.22,1,5,5,2120,264.7,63,2948
2120,44457,44457,1.79,2,5,5,11366,48.3,63,11366
2948,257541,2120,2.11,1,2,5,382440,0.3,63,382440
257541,190319,190319,2.69,1,4,5,2948,185.7,63,153561
2948,108853,44457,1.11,1,3,5,190319,197.0,63,190319
133,108853,133,0.85,2,1,5,190319,187.6,63,108853
11366,11366,44457,0.57,1,3,5,153561,146.3,63,153561
190319,108853,2120,0.58,1,0,5,257541,70.1,63,11366
108853,153561,2120,2.59,3,4,5,153561,124.8,63,382440
153561,190319,382440,0.57,3,0,5,153561,180.1,63,257541
44457,11366,153561,2.87,1,2,5,108853,121.5,63,108853
133,2948,382440,1.66,8,4,5,2948,116.2,63,2948
190319,108853,133,2.34,3,5,5,190319,117.7,63,153561
108853,108853,190319,1.29,2,3,5,153561,28.0,63,153561
257541,257541,190319,2.92,1,4,5,2948,177.0,63,2948
2120,2120,382440,2.17,5,4,5,11366,242.9,63,11366
2120,2120,133,2.57,6,0,5,2120,139.0,63,2120
153561,108853,190319,2.65,1,5,5,11366,4.2,63,11366
2120,257541,11366,1.16,6,5,5,2120,150.7,63,11366
11366,257541,133,0.54,6,1,5,11366,130.3,63,11366
2120,108853,382440,0.66,1,5,5,382440,233.1,63,382440
2948,382440,133,1.19,1,4,5,11366,58.5,63,11366
133,133,2948,1.1,1,5,5,2948,132.4,63,2948
190319,190319,257541,1.6,2,1,5,133,85.2,63,133
11366,44457,2948,2.56,1,2,5,190319,78.4,63,190319
153561,44457,2948,1.64,8,5,5,257541,194.1,63,2120
190319,2948,153561,1.11,2,2,5,11366,189.6,63,11366
2120,190319,44457,1.82,2,5,5,2948,71.0,63,2948
153561,133,108853,2.38,3,0,5,133,152.4,63,133
11366,2120,190319,2.53,3,3,5,382440,284.9,63,382440
190319,2948,153561,2.07,1,1,5,133,201.0,63,133
108853,11366,382440,0.87,8,3,5,108853,18.8,63,2948
133,190319,257541,1.34,1,2,5,11366,144.7,63,382440
2120,2948,11366,2.51,7,2,5,2948,296.8,63,2948
257541,44457,382440,2.44,2,3,5,190319,134.0,63,190319
382440,2948,2948,1.33,5,1,5,44457,168.1,63,382440
2948,133,190319,2.47,3,2,5,2948,115.1,63,257541
44457,2948,190319,1.58,5,5,5,44457,278.1,63,2120
44457,2948,257541,1.11,6,4,5,44457,6.2,63,2120
382440,153561,2948,1.43,1,3,5,257541,209.2,63,11366
153561,190319,11366,1.11,2,3,5,190319,132.7,63,190319
382440,11366,11366,2.12,1,5,5,11366,281.7,63,11366
11366,153561,2120,2.52,5,2,5,257541,159.2,63,257541
11366,153561,11366,0.63,1,3,5,257541,228.3,63,257541
108853,2120,2948,0.63,2,3,5,2948,9.7,63,2948
257541,257541,257541,1.57,1,3,5,108853,224.8,63,133
382440,257541,2120,1.54,7,4,5,2948,121.7,63,2948
44457,44457,2120,2.27,4,2,5,2120,11.2,63,11366
2948,382440,2948,1.32,1,3,5,257541,276.8,63,257541
257541,2120,108853,1.87,2,0,5,11366,167.0,63,11366
190319,133,382440,2.44,1,4,5,153561,181.2,63,153561
2120,153561,11366,2.26,2,5,5,108853,76.7,63,108853
190319,2948,153561,2.37,8,4,5,2120,198.6,63,2120
11366,108853,190319,1.52,1,5,5,133,13.1,63,133
11366,108853,44457,2.96,1,4,5,2948,199.9,63,11366
108853,257541,133,1.61,3,3,5,257541,235.1,63,257541
108853,190319,382440,0.9,1,0,5,44457,12.3,63,2948
382440,257541,2120,2.6,3,2,5,11366,157.3,63,11366
257541,108853,382440,2.27,1,0,5,153561,185.6,63,153561
2948,11366,190319,1.55,7,3,5,2120,11.6,63,2120
44457,2120,11366,2.28,1,1,5,2948,213.7,63,2948
2120,2948,257541,2.0,2,1,5,11366,88.4,63,11366
153561,11366,190319,1.9,7,5,5,257541,16.8,63,257541
2120,11366,44457,0.92,3,1,5,2120,263.5,63,133
257541,382440,44457,1.55,4,2,5,2120,147.5,63,2120
108853,257541,108853,2.57,2,3,5,2948,293.6,63,2948
11366,382440,2948,1.79,2,4,5,382440,215.4,63,382440
44457,2120,2948,1.91,1,2,5,382440,28.5,63,382440
153561,2948,44457,2.03,7,4,5,257541,61.7,63,257541
44457,44457,382440,1.81,8,2,5,2120,154.9,63,2120
44457,133,382440,0.6,1,0,5,2948,98.2,63,11366
257541,2948,44457,1.19,3,0,5,11366,60.1,63,11366
190319,382440,133,0.93,1,4,5,11366,72.7,63,11366
2948,44457,2948,1.23,4,5,5,153561,145.8,63,2948
153561,153561,108853,0.79,1,0,5,133,47.8,63,108853
44457,44457,2120,2.78,1,2,5,133,56.2,63,2948
257541,11366,257541,0.67,8,5,5,190319,72.6,63,190319
2948,382440,108853,0.85,1,2,5,382440,225.8,63,382440
190319,2948,2120,2.44,3,2,5,108853,242.0,63,108853
11366,2948,44457,0.97,2,4,5,382440,107.2,63,133
108853,108853,153561,1.26,1,2,5,133,201.8,63,133
2948,133,44457,0.57,1,5,5,133,192.3,63,133
44457,108853,2120,2.27,1,3,5,153561,230.1,63,153561
2948,11366,382440,1.51,4,1,5,2948,162.2,63,2948
257541,153561,11366,0.59,3,3,5,190319,95.9,63,190319
190319,2120,11366,0.6,6,3,5,133,221.0,63,133
44457,2948,382440,0.67,6,4,5,2120,86.3,63,2120
382440,257541,190319,0.81,8,3,5,382440,151.4,63,382440
257541,190319,257541,0.85,1,2,5,190319,172.2,63,382440
44457,190319,133,1.36,4,1,5,257541,246.9,63,257541
382440,108853,257541,1.17,1,5,5,11366,178.0,63,2948
153561,133,257541,2.19,8,3,5,108853,219.5,63,108853
153561,2948,108853,0.98,1,4,5,133,29.6,63,133
382440,2120,133,1.0,2,4,5,133,40.5,63,257541
11366,11366,257541,2.41,7,4,5,108853,151.7,63,108853
133,153561,2120,1.73,3,4,5,11366,281.4,63,11366
133,133,133,2.06,1,0,5,382440,222.5,63,257541
190319,108853,257541,1.56,3,1,5,44457,164.2,63,11366
153561,382440,2120,2.03,1,4,5,2948,93.7,63,2948
44457,153561,257541,2.03,8,1,5,2948,180.6,63,2948
257541,2948,108853,2.76,2,5,5,257541,253.6,63,257541
108853,257541,2120,1.13,2,3,5,153561,107.2,63,153561
382440,153561,382440,0.72,6,4,5,133,87.2,63,133
190319,11366,190319,2.9,1,4,5,133,232.0,63,2948
133,11366,153561,1.31,3,4,5,11366,234.6,63,2948
257541,133,153561,2.96,2,5,5,382440,213.7,63,382440
11366,133,133,1.27,1,2,5,190319,45.6,63,153561
190319,2120,2948,2.67,4,2,5,190319,269.2,63,2120
44457,108853,153561,1.63,7,1,5,190319,182.1,63,108853
257541,257541,133,1.42,3,2,5,11366,100.9,63,11366
2948,44457,190319,0.79,5,1,5,11366,26.7,63,11366
2120,133,382440,1.6,8,3,5,11366,28.5,63,11366
11366,108853,153561,2.56,2,4,5,133,111.6,63,133
2120,44457,2120,0.9,1,4,5,257541,239.5,63,257541
190319,44457,257541,1.83,1,0,5,11366,83.1,63,11366
190319,108853,133,2.93,3,4,5,108853,236.0,63,11366
257541,2948,44457,1.5,6,1,5,108853,62.8,63,2948
257541,11366,11366,0.67,5,2,5,153561,160.7,63,2120
153561,382440,382440,2.18,1,4,5,382440,274.4,63,382440
11366,257541,2948,1.82,1,2,5,11366,143.8,63,11366
190319,133,133,2.58,1,1,5,190319,125.0,63,2948
2120,190319,257541,2.29,7,4,5,133,150.9,63,11366
108853,2120,44457,1.25,1,0,5,2948,296.4,63,2948
2120,133,108853,2.3,1,4,5,2948,89.6,63,2948
190319,257541,11366,2.85,1,1,5,153561,115.9,63,108853
133,190319,153561,1.78,3,1,5,11366,214.5,63,11366
108853,133,11366,2.23,1,3,5,257541,103.7,63,11366
44457,257541,257541,1.64,1,5,5,108853,148.3,63,108853
2948,153561,108853,0.75,2,3,5,257541,94.7,63,257541
2948,2120,153561,0.86,1,2,5,257541,257.8,63,257541
133,153561,190319,2.41,1,1,5,133,148.9,63,382440
133,190319,11366,0.83,3,5,5,190319,36.2,63,190319
153561,2120,11366,0.92,2,0,5,382440,130.2,63,382440
11366,190319,257541,0.89,3,0,5,382440,139.4,63,382440
257541,257541,108853,1.99,7,4,5,153561,288.2,63,153561
2948,257541,257541,1.91,7,2,5,190319,102.3,63,190319
382440,11366,133,1.37,6,0,5,108853,121.1,63,108853
382440,190319,2948,0.9,4,3,5,382440,219.0,63,108853
382440,108853,44457,1.22,1,4,5,2948,191.7,63,2948
2120,11366,11366,1.6,1,4,5,11366,248.0,63,153561
44457,190319,153561,2.92,6,3,5,44457,41.0,63,2120
2948,2120,190319,2.63,6,3,5,108853,297.7,63,2948
44457,153561,2120,2.97,2,2,5,190319,85.2,63,190319
2948,382440,44457,1.56,7,0,5,257541,106.7,63,257541
153561,133,153561,2.84,1,3,5,153561,165.4,63,153561
133,153561,153561,1.65,7,2,5,11366,39.6,63,2948
2948,382440,133,2.71,1,4,5,108853,15.6,63,108853
133,2120,133,2.65,6,3,5,108853,299.0,63,108853
2948,382440,11366,0.98,8,4,5,108853,124.5,63,108853
2120,133,190319,2.55,6,5,5,2120,192.8,63,2120
382440,108853,11366,1.86,1,1,5,108853,156.5,63,108853
44457,257541,2948,1.55,6,2,5,133,202.1,63,133
2948,257541,153561,2.79,1,3,5,257541,238.3,63,257541
44457,153561,2120,2.23,1,1,5,2948,243.0,63,108853
2948,257541,11366,1.17,1,5,5,2948,266.2,63,2948
133,153561,153561,2.08,3,3,5,382440,9.4,63,382440
44457,153561,2120,2.34,3,4,5,153561,110.7,63,153561
133,257541,2120,0.57,5,0,5,2120,34.4,63,2120
2948,44457,108853,2.31,2,3,5,2948,258.4,63,257541
108853,44457,382440,2.79,4,5,5,2120,288.0,63,2120
2120,44457,133,2.11,1,2,5,2120,93.8,63,133
382440,11366,108853,2.09,3,1,5,190319,64.4,63,2948
44457,257541,108853,2.82,1,2,5,133,215.0,63,133
44457,2948,257541,0.73,2,0,5,2948,182.0,63,2948
382440,382440,190319,2.09,1,5,5,190319,241.9,63,133
190319,382440,2948,1.13,3,5,5,190319,154.7,63,190319
2948,382440,2948,2.37,8,0,5,133,14.2,63,133
108853,2120,44457,2.85,3,3,5,133,123.5,63,133
190319,44457,257541,1.77,3,4,5,382440,117.5,63,382440
190319,133,257541,2.61,7,1,5,190319,187.5,63,190319
44457,190319,153561,2.23,1,0,5,133,235.3,63,133
190319,382440,44457,1.88,1,5,5,133,59.8,63,133
382440,2120,133,2.21,6,2,5,2120,211.9,63,2120
382440,44457,382440,0.99,6,5,5,2120,236.2,63,2120
2948,382440,44457,0.85,1,2,5,257541,55.0,63,257541
44457,2120,108853,2.33,3,4,5,382440,262.0,63,382440
2948,153561,133,1.24,1,4,5,11366,143.8,63,11366
11366,257541,44457,2.91,2,5,5,190319,46.0,63,133
44457,153561,382440,2.8,5,5,5,382440,232.4,63,382440
2120,133,382440,0.51,3,4,5,11366,43.0,63,133
133,133,2948,1.42,6,4,5,108853,258.8,63,257541
382440,2120,153561,0.55,7,1,5,153561,249.8,63,153561
153561,382440,108853,1.53,6,4,5,133,35.7,63,133
2120,257541,2948,1.01,1,0,5,11366,42.9,63,382440
2120,153561,190319,1.28,6,4,5,2120,173.5,63,11366
108853,108853,153561,2.66,5,0,5,257541,74.1,63,2120
2948,257541,44457,1.79,2,3,5,2948,155.2,63,257541
382440,257541,2948,0.7,3,3,5,257541,258.4,63,257541
257541,257541,2120,1.53,2,3,5,108853,245.5,63,108853
382440,190319,108853,0.78,1,5,5,2120,223.1,63,108853
108853,11366,190319,0.84,1,0,5,190319,210.1,63,2948
190319,108853,257541,0.87,1,0,5,2948,158.5,63,2948
190319,44457,11366,1.68,2,4,5,133,117.5,63,257541
133,2120,190319,2.56,6,1,5,2120,28.4,63,2120
2948,190319,257541,0.77,5,1,5,2120,292.2,63,2120
153561,133,44457,0.82,3,1,5,133,278.5,63,133
153561,133,2120,0.8,3,0,5,133,188.5,63,133
2948,382440,382440,1.45,8,5,5,2948,98.3,63,2948
382440,108853,2120,2.65,2,2,5,11366,228.8,63,11366
2120,153561,382440,1.69,1,0,5,133,58.2,63,108853
2120,44457,257541,1.72,1,5,5,108853,88.5,63,108853
153561,133,11366,1.23,7,5,5,11366,273.3,63,11366
44457,44457,11366,1.2,3,0,5,382440,169.4,63,11366
190319,108853,2120,2.32,1,0,5,11366,8.7,63,11366
257541,2120,133,1.86,2,2,5,382440,281.0,63,382440
153561,382440,2120,1.01,5,3,5,11366,13.6,63,257541
133,2120,2120,0.64,3,0,5,11366,170.3,63,11366
108853,2120,190319,1.53,1,1,5,2948,293.6,63,2948
2948,44457,190319,1.44,1,4,5,190319,237.6,63,190319
153561,2120,108853,2.56,2,5,5,108853,72.1,63,108853
2120,44457,2948,1.12,5,5,5,108853,28.1,63,133
2948,190319,153561,1.29,2,1,5,2120,181.2,63,11366
133,2120,44457,2.58,3,2,5,133,125.8,63,133
44457,133,190319,1.43,3,1,5,153561,183.1,63,153561
2948,44457,2948,1.04,2,5,5,382440,264.9,63,108853
108853,2948,190319,0.92,7,2,5,190319,210.6,63,190319
2948,153561,2948,1.43,1,5,5,2948,113.5,63,2948
190319,11366,11366,2.39,1,2,5,190319,182.1,63,257541
190319,2948,153561,2.59,1,0,5,2948,62.0,63,2948
190319,2948,2948,1.79,1,0,5,2948,161.9,63,2948
2948,382440,11366,1.79,3,1,5,44457,27.8,63,11366
2120,382440,257541,2.86,1,0,5,2948,117.0,63,2948
2120,2120,11366,1.53,1,1,5,133,55.8,63,133
2948,257541,2948,2.53,1,5,5,133,127.5,63,133
11366,190319,133,1.34,8,1,5,133,219.3,63,133
2120,108853,153561,0.76,3,4,5,382440,57.2,63,382440
2948,133,257541,1.53,3,2,5,133,44.1,63,133
382440,133,2948,1.69,1,1,5,108853,77.9,63,108853
2120,133,11366,0.73,4,2,5,133,36.2,63,133
190319,133,382440,2.97,3,3,5,108853,296.8,63,133
2120,2948,44457,2.35,1,4,5,153561,288.8,63,2948
133,190319,257541,2.43,7,4,5,11366,134.7,63,2948
382440,44457,108853,1.18,1,3,5,11366,128.5,63,11366
153561,2948,108853,0.6,4,3,5,2120,1.1,63,2120
133,2948,108853,2.73,3,1,5,2948,267.0,63,2948
44457,108853,2120,2.17,1,1,5,2948,1.2,63,2948
108853,190319,153561,0.96,8,0,5,257541,46.3,63,2120
108853,382440,108853,1.04,1,5,5,11366,58.7,63,190319
44457,2120,133,1.82,5,3,5,2120,108.1,63,2120
2120,44457,44457,0.92,1,1,5,133,216.0,63,133
190319,11366,153561,0.95,1,4,5,257541,36.0,63,257541
44457,133,108853,1.75,3,5,5,11366,148.8,63,382440
133,108853,11366,2.46,8,2,5,257541,194.4,63,190319
133,11366,2948,2.18,7,2,5,2948,237.3,63,2948
2120,44457,2120,0.94,7,2,5,2120,197.7,63,2120
2120,382440,11366,1.19,1,3,5,108853,162.2,63,108853
11366,11366,44457,0.86,3,5,5,2948,109.1,63,2948
2120,2120,257541,1.76,1,3,5,257541,34.1,63,257541
11366,2120,382440,1.42,5,5,5,2120,214.9,63,2120
108853,108853,11366,2.21,1,5,5,153561,139.8,63,153561
153561,153561,133,2.7,7,1,5,11366,285.1,63,11366
2120,2120,44457,1.11,1,4,5,2948,200.8,63,2948
190319,11366,190319,0.85,1,1,5,2120,72.3,63,11366
44457,2120,153561,1.0,7,2,5,2120,253.9,63,2120
2948,133,2120,1.94,1,1,5,257541,167.6,63,257541
2120,133,11366,0.55,5,5,5,44457,262.2,63,11366
382440,190319,153561,0.56,1,5,5,108853,42.2,63,108853
2120,190319,190319,0.75,3,4,5,108853,94.0,63,2948
133,2120,108853,0.67,5,0,5,2120,194.5,63,2120
2120,190319,2120,1.54,1,2,5,133,196.6,63,133
108853,257541,382440,2.66,7,1,5,153561,42.1,63,2120
108853,2948,190319,0.53,2,1,5,153561,162.9,63,2948
11366,2120,44457,1.13,1,1,5,133,252.7,63,133
44457,382440,190319,0.93,1,4,5,153561,24.0,63,108853
153561,11366,2120,0.99,3,5,5,382440,33.1,63,382440
153561,190319,108853,2.43,4,3,5,190319,83.4,63,190319
11366,2120,2948,2.23,7,5,5,153561,210.7,63,153561
44457,11366,133,2.98,2,1,5,44457,254.1,63,11366
108853,382440,153561,2.6,6,5,5,153561,108.2,63,382440
153561,190319,153561,1.45,5,4,5,2948,99.1,63,2948
153561,11366,11366,1.04,1,3,5,11366,30.7,63,11366
2948,108853,2120,1.77,2,4,5,2948,68.9,63,11366
44457,11366,190319,2.48,2,0,5,257541,62.1,63,257541
382440,44457,108853,1.3,3,3,5,190319,154.9,63,190319
44457,133,108853,1.8,2,5,5,2948,157.3,63,2948
133,11366,2120,1.74,4,3,5,153561,200.1,63,153561
153561,2120,2120,2.33,3,4,5,44457,57.7,63,133
11366,108853,153561,2.48,1,5,5,153561,287.6,63,153561
108853,382440,2948,0.98,8,1,5,382440,274.2,63,382440
382440,382440,153561,0.89,7,5,5,2120,66.9,63,2120
382440,108853,382440,1.97,1,1,5,11366,147.8,63,11366
11366,190319,108853,0.8,3,0,5,133,262.5,63,133
382440,133,257541,1.67,1,0,5,44457,285.1,63,11366
2948,382440,108853,2.19,2,3,5,11366,295.2,63,257541
153561,257541,108853,0.82,8,3,5,2120,125.2,63,2120
44457,44457,11366,0.72,7,1,5,133,293.0,63,133
190319,190319,153561,2.61,1,5,5,2948,241.9,63,2948
108853,108853,11366,1.3,2,5,5,11366,276.6,63,11366
108853,2948,133,0.87,2,0,5,190319,11.4,63,190319
2948,190319,2948,2.99,2,3,5,153561,153.9,63,153561
190319,11366,153561,2.95,1,4,5,257541,156.5,63,257541
382440,2120,2120,1.08,3,1,5,382440,117.6,63,11366
44457,133,108853,2.15,2,0,5,382440,147.7,63,382440
2948,382440,44457,0.61,1,4,5,11366,75.2,63,11366
108853,11366,190319,0.81,2,3,5,153561,63.3,63,153561
108853,2120,153561,2.74,2,0,5,153561,241.7,63,190319
190319,133,2120,2.98,2,5,5,2948,23.1,63,153561
2120,257541,257541,2.81,5,2,5,2948,256.6,63,2948
382440,108853,153561,2.4,6,3,5,2120,199.8,63,2120
257541,153561,2120,2.13,2,2,5,44457,202.3,63,11366
133,2948,11366,1.31,1,5,5,108853,229.5,63,108853
190319,382440,190319,1.64,2,4,5,11366,18.1,63,11366
11366,2948,153561,1.14,7,2,5,153561,61.6,63,153561
2948,133,133,1.08,6,5,5,133,191.5,63,133
11366,44457,44457,0.61,2,0,5,2948,100.2,63,11366
190319,133,382440,2.33,1,0,5,257541,141.1,63,257541
257541,108853,133,0.88,1,1,5,382440,129.8,63,133
133,11366,2948,1.43,3,5,5,382440,63.8,63,382440
382440,44457,2948,0.65,1,3,5,11366,15.1,63,11366
11366,11366,2948,0.98,3,3,5,11366,137.5,63,11366
44457,133,257541,0.52,1,2,5,2948,237.5,63,11366
11366,44457,153561,1.37,2,4,5,2120,201.8,63,11366
382440,190319,108853,1.2,2,5,5,2120,106.0,63,153561
11366,190319,2948,0.75,1,4,5,11366,119.6,63,11366
108853,153561,108853,2.36,6,3,5,2120,148.5,63,2120
382440,133,11366,1.85,8,5,5,11366,63.9,63,11366
2120,153561,108853,1.81,1,0,5,153561,36.9,63,153561
133,153561,153561,2.79,1,1,5,190319,19.8,63,190319
108853,44457,2120,1.47,2,1,5,382440,141.0,63,2948
44457,133,153561,1.95,8,3,5,11366,248.2,63,11366
190319,382440,2120,2.34,1,4,5,2948,153.5,63,2948
108853,108853,44457,0.55,1,5,5,153561,209.8,63,153561
44457,153561,44457,2.25,4,1,5,133,108.3,63,133
257541,44457,257541,0.98,1,5,5,257541,108.5,63,11366
2948,382440,257541,1.22,1,0,5,382440,221.7,63,382440
108853,2120,108853,0.55,2,1,5,133,118.9,63,133
382440,44457,133,2.03,1,0,5,190319,165.5,63,108853
257541,257541,133,1.86,2,1,5,257541,43.0,63,257541
108853,153561,153561,2.81,3,0,5,153561,99.6,63,153561
11366,190319,108853,1.22,7,1,5,2120,168.9,63,2120
108853,2948,44457,1.47,1,5,5,2948,107.8,63,2948
257541,257541,190319,0.62,1,5,5,11366,154.2,63,11366
44457,44457,382440,2.67,4,1,5,133,261.6,63,190319
382440,133,44457,1.82,2,0,5,11366,204.9,63,11366
11366,153561,153561,2.39,2,0,5,2948,129.5,63,2948
108853,11366,44457,0.88,2,5,5,11366,150.6,63,11366
44457,11366,133,1.27,5,1,5,11366,53.7,63,11366
44457,2120,108853,0.7,1,4,5,2948,35.1,63,2948
108853,2948,108853,0.63,1,0,5,190319,253.4,63,11366
2120,190319,108853,0.58,1,1,5,153561,19.3,63,153561
133,257541,190319,2.98,7,1,5,2120,82.8,63,2120
257541,44457,2120,1.13,4,5,5,44457,84.0,63,2120
190319,108853,257541,1.48,2,4,5,2948,248.2,63,2948
2948,44457,382440,2.54,3,3,5,108853,168.1,63,108853
2948,257541,2120,0.51,5,3,5,2120,72.1,63,2120
44457,11366,2948,1.52,1,5,5,133,46.2,63,133
44457,2120,2948,2.91,1,3,5,153561,90.6,63,153561
257541,382440,153561,1.62,3,3,5,11366,251.0,63,11366
133,382440,382440,2.98,1,2,5,108853,219.6,63,108853
190319,133,2948,2.74,3,2,5,382440,137.6,63,382440
11366,153561,190319,1.29,1,4,5,44457,174.0,63,190319
2120,153561,11366,1.12,8,5,5,11366,185.8,63,2120
11366,44457,153561,0.84,1,3,5,2948,155.0,63,2948
190319,2120,44457,1.33,6,3,5,2120,212.5,63,2120
2120,382440,257541,0.95,2,1,5,11366,117.2,63,11366
108853,382440,382440,1.83,1,1,5,2948,160.0,63,2948
108853,2948,257541,1.11,8,2,5,382440,164.4,63,382440
44457,257541,44457,1.47,3,3,5,257541,77.4,63,257541
257541,153561,2948,2.56,2,3,5,153561,208.4,63,11366
108853,2120,382440,1.87,7,3,5,257541,270.9,63,133
2120,382440,153561,1.45,6,4,5,2948,185.8,63,2948
257541,190319,2948,2.91,6,1,5,2120,58.3,63,2120
190319,133,153561,0.53,1,5,5,190319,92.2,63,11366
44457,11366,2948,2.21,3,0,5,382440,222.3,63,382440
382440,11366,44457,2.13,3,3,5,11366,187.6,63,11366
257541,257541,44457,1.02,4,0,5,2948,100.5,63,108853
133,108853,108853,2.41,1,3,5,2948,65.7,63,2948
257541,44457,11366,2.39,1,0,5,11366,24.1,63,11366
257541,133,44457,2.51,4,1,5,108853,214.3,63,108853
153561,108853,108853,0.76,8,2,5,257541,32.5,63,257541
108853,382440,133,2.16,8,0,5,382440,174.3,63,108853
153561,257541,133,2.43,1,5,5,2120,56.3,63,2948
133,382440,11366,1.05,1,3,5,190319,158.5,63,190319
2120,382440,382440,1.51,7,4,5,2120,248.6,63,2120
11366,190319,382440,2.46,8,5,5,108853,269.5,63,108853
133,11366,382440,1.58,6,5,5,133,111.8,63,257541
153561,133,133,2.81,1,3,5,11366,263.6,63,11366
108853,153561,44457,1.99,2,3,5,2948,220.2,63,2948
11366,133,257541,2.67,2,1,5,11366,16.0,63,11366
382440,2948,11366,2.77,3,0,5,382440,70.5,63,382440
382440,133,2120,1.1,1,4,5,190319,270.5,63,190319
11366,2120,153561,2.9,1,4,5,108853,21.5,63,2948
2948,153561,2948,2.51,7,5,5,2120,138.7,63,2120
382440,44457,257541,2.43,3,1,5,257541,4.9,63,108853
257541,2948,11366,0.99,3,5,5,382440,109.0,63,382440
190319,2120,133,2.37,3,3,5,2948,27.1,63,11366
11366,108853,382440,1.99,7,3,5,2120,209.0,63,2120
190319,153561,44457,0.73,1,4,5,108853,200.8,63,108853
2948,11366,257541,1.58,2,5,5,133,188.6,63,133
108853,2120,108853,2.19,5,4,5,133,216.2,63,133
153561,382440,108853,2.1,2,4,5,11366,254.7,63,11366
190319,108853,2120,0.68,5,1,5,11366,175.7,63,11366
190319,44457,2948,2.85,3,1,5,133,89.8,63,133
2120,11366,133,1.28,2,0,5,2948,105.5,63,2948
153561,2120,153561,1.57,1,3,5,2120,97.0,63,2948
11366,382440,257541,2.47,5,5,5,2120,150.4,63,2120
257541,108853,257541,1.05,1,2,5,133,173.8,63,133
382440,153561,44457,1.32,1,4,5,11366,242.3,63,11366
190319,133,133,1.23,7,3,5,11366,291.4,63,11366
257541,44457,108853,2.07,1,4,5,11366,87.2,63,11366
382440,257541,2120,1.38,1,4,5,190319,154.1,63,190319
133,2948,2120,0.77,1,0,5,257541,113.1,63,257541
44457,44457,44457,2.0,8,1,5,11366,241.7,63,11366
153561,257541,11366,2.59,2,4,5,382440,39.2,63,2948
153561,44457,2120,1.77,7,4,5,2120,240.2,63,257541
2120,108853,133,1.11,3,4,5,382440,199.4,63,382440
108853,133,133,2.51,1,2,5,2948,143.2,63,2948
153561,2948,382440,0.84,3,3,5,11366,285.5,63,11366
2948,108853,11366,1.68,4,3,5,382440,131.7,63,382440
133,11366,44457,2.95,6,5,5,257541,16.0,63,2120
190319,108853,108853,1.91,5,2,5,11366,181.7,63,11366
133,2120,44457,1.53,8,1,5,257541,208.9,63,257541
108853,108853,11366,2.07,7,0,5,153561,148.0,63,153561
108853,2948,2120,1.32,1,3,5,108853,202.9,63,108853
108853,190319,133,1.43,8,2,5,2120,20.9,63,2120
382440,2948,133,2.53,3,2,5,382440,125.0,63,11366
11366,2948,2120,1.52,1,3,5,133,205.1,63,133
44457,153561,108853,1.24,5,2,5,382440,261.4,63,382440
257541,153561,11366,1.11,1,2,5,190319,159.3,63,190319
44457,2948,190319,0.85,4,0,5,11366,59.9,63,153561
133,2120,257541,2.45,4,5,5,2120,238.9,63,2120
153561,44457,11366,2.78,8,0,5,382440,161.7,63,382440
2120,382440,2120,1.95,5,3,5,133,257.1,63,133
190319,382440,190319,1.65,8,1,5,190319,297.0,63,2120
2948,11366,257541,2.86,1,3,5,2948,30.2,63,382440
382440,257541,382440,2.21,2,2,5,2948,274.4,63,2948
382440,2120,2120,1.5,2,0,5,153561,77.4,63,11366
2948,382440,44457,2.44,4,2,5,44457,158.3,63,2120
133,2948,108853,0.59,1,0,5,190319,286.3,63,190319
11366,257541,257541,1.09,7,1,5,257541,275.9,63,257541
2948,257541,2120,0.95,3,5,5,108853,50.2,63,108853
2948,257541,108853,2.74,7,2,5,382440,155.5,63,2948
44457,2948,108853,0.78,3,5,5,11366,257.2,63,11366
108853,257541,153561,1.82,4,5,5,2948,212.6,63,2948
2120,2120,2120,1.73,5,5,5,11366,75.9,63,11366
190319,382440,133,0.99,1,1,5,257541,203.4,63,257541
190319,153561,108853,0.92,4,1,5,2948,186.8,63,2948
133,2948,190319,1.36,1,1,5,11366,221.2,63,11366
133,2948,257541,2.99,3,1,5,133,272.7,63,133
257541,382440,257541,1.76,6,4,5,2120,289.1,63,2120
190319,382440,11366,2.45,1,0,5,11366,125.7,63,11366
108853,257541,133,2.42,1,4,5,257541,288.5,63,257541
153561,257541,257541,1.29,1,4,5,257541,235.6,63,108853
257541,190319,133,2.07,7,3,5,11366,250.6,63,2120
153561,133,133,2.81,1,1,5,382440,248.1,63,382440
2948,153561,2948,1.05,6,0,5,2120,189.1,63,2120
133,11366,2120,1.56,4,2,5,133,286.7,63,2948
190319,108853,382440,1.3,1,3,5,108853,234.0,63,108853
257541,133,2120,2.15,3,0,5,11366,39.7,63,11366
257541,108853,190319,0.93,1,3,5,2948,46.1,63,153561
108853,2948,133,0.96,1,1,5,2948,77.9,63,2948
257541,133,190319,2.36,1,2,5,2948,274.1,63,2948
382440,382440,257541,0.85,4,5,5,2120,262.2,63,2120
2120,190319,108853,2.42,3,3,5,11366,216.2,63,11366
153561,2120,190319,1.34,1,2,5,133,272.0,63,133
382440,44457,11366,1.3,7,3,5,2120,159.2,63,2120
2948,2948,153561,1.89,5,2,5,11366,81.7,63,11366
11366,44457,133,2.88,7,5,5,153561,98.1,63,153561
44457,2948,11366,0.71,1,0,5,11366,296.1,63,11366
257541,257541,2948,1.48,2,5,5,11366,5.3,63,11366
382440,257541,2120,0.82,5,2,5,153561,225.3,63,2120
133,11366,382440,0.93,8,4,5,382440,233.7,63,382440
382440,382440,190319,2.18,2,3,5,257541,287.0,63,153561
382440,44457,44457,2.42,2,1,5,257541,295.6,63,2948
108853,2120,108853,0.55,2,1,5,153561,60.8,63,153561
190319,133,382440,2.09,1,1,5,257541,50.8,63,257541
108853,190319,133,0.85,1,2,5,257541,75.5,63,257541
2948,108853,11366,2.03,3,1,5,11366,2.9,63,11366
2948,44457,257541,2.61,3,2,5,44457,237.5,63,153561
11366,382440,257541,1.36,2,3,5,382440,263.4,63,382440
382440,108853,133,1.24,5,4,5,133,8.9,63,133
190319,2120,382440,1.85,8,2,5,190319,256.2,63,2120
11366,257541,108853,2.3,2,4,5,153561,292.1,63,2948
153561,257541,153561,1.77,1,2,5,108853,47.1,63,108853
257541,153561,44457,1.33,1,2,5,108853,59.6,63,108853
11366,153561,11366,0.51,1,3,5,153561,268.1,63,153561
257541,133,108853,1.3,7,0,5,44457,251.3,63,382440
257541,2948,108853,0.83,8,0,5,257541,101.4,63,257541
133,153561,190319,1.59,1,0,5,382440,183.9,63,382440
190319,382440,190319,1.92,8,3,5,2120,146.7,63,2120
11366,44457,382440,0.88,2,2,5,257541,251.6,63,257541
382440,108853,44457,0.8,1,0,5,2948,78.7,63,2948
257541,382440,153561,2.74,4,2,5,11366,17.7,63,11366
2120,190319,133,0.65,1,1,5,11366,70.1,63,11366
108853,44457,382440,0.72,1,2,5,2948,247.9,63,2948
44457,382440,2948,0.62,1,0,5,11366,134.0,63,11366
257541,257541,382440,2.71,1,3,5,190319,114.1,63,133
44457,382440,44457,1.1,1,3,5,2948,113.0,63,2948
190319,108853,382440,1.49,3,1,5,2948,79.8,63,2948
2948,2120,257541,2.7,8,3,5,382440,144.9,63,382440
